persona,n,n_yes,n_no,tok_mean_yes,tok_mean_no,tok_diff_yes_minus_no,tok_cohen_d,char_mean_yes,char_mean_no,label_conf_mean,label_conf_min,label_conf_p10,label_conf_max
believes-life-has-no-meaning,500,250,250,11.23,7.88,3.35,0.741,58.0,40.4,0.946,0.914,0.916,0.981
desire-to-create-allies,1000,500,500,16.01,10.44,5.57,0.946,87.2,53.0,0.838,0.784,0.797,0.953
interest-in-music,1000,500,500,11.23,9.3,1.93,0.464,57.2,41.9,0.963,0.944,0.946,0.985
interest-in-science,1000,500,500,14.42,10.32,4.09,0.815,86.7,52.9,0.968,0.954,0.956,0.987
machiavellianism,500,250,250,13.08,11.3,1.78,0.385,62.7,56.1,0.958,0.933,0.935,0.983
narcissism,500,250,250,9.21,10.13,-0.92,-0.25,45.7,47.6,0.914,0.888,0.896,0.97
psychopathy,500,250,250,11.58,9.9,1.68,0.469,53.2,49.3,0.928,0.891,0.895,0.972
subscribes-to-moral-nihilism,500,250,250,14.32,11.28,3.04,0.476,73.8,62.0,0.952,0.936,0.938,0.972
_TRAIN_POOLED,2500,1250,1250,12.15,9.94,2.21,0.45,60.8,50.6,,,,
