noun1,predicted_hypernym,num_tokens,log_prob,probability,generated_ids,rank
cars,transportation,1,-1.1355767250061035,0.32123680260361265,"[16216, 235265, 109, 15818, 573]",1
cars,vehicle,1,-1.187242031097412,0.3050614549300743,"[8692, 235265, 109, 15818, 573]",2
cars,transport,1,-1.2690484523773193,0.2810989736192882,"[6676, 235265, 109, 15818, 573]",3
cars,<em><strong><strong><strong>,4,-1.2842013835906982,0.2768716095734293,"[235248, 200, 199, 199, 199]",4
cars,automobile,1,-1.3615950345993042,0.2562517204503931,"[34984, 235265, 109, 15818, 573]",5
cars,means of transport,3,-1.3745790719985962,0.2529460454727356,"[3454, 576, 6676, 235265, 109]",6
cars,means of transportation,3,-1.3865485191345215,0.2499364685701953,"[3454, 576, 16216, 235265, 109]",7
cars,<em><strong>,2,-1.3997361660003662,0.2466620331882631,"[235248, 200, 199, 235336, 208]",8
cars,Complete the sentence,3,-1.4250038862228394,0.24050752854067553,"[109, 15818, 573, 13060, 235292]",9
cars,<em>________</em>,3,-1.4575092792510986,0.23281543139723107,"[235248, 200, 3266, 209, 235265]",10
cars,<strong>transportation</strong>,3,-1.4668490886688232,0.2306511025810179,"[235248, 199, 172484, 208, 235265]",11
cars,<em>transportation</em>,3,-1.5062867403030396,0.2217317989502805,"[235248, 200, 172484, 209, 235265]",12
cars,vehicles,1,-1.5076996088027954,0.22141874228217887,"[13092, 235265, 109, 15818, 573]",13
cars,machine,1,-1.514652967453003,0.2198844786794559,"[6479, 235265, 109, 15818, 573]",14
cars,motor vehicle,2,-1.5172913074493408,0.21930511328230423,"[5980, 8692, 235265, 109, 15818]",15
cars,<strong>transport</strong>,3,-1.5397493839263916,0.2144348355099046,"[235248, 199, 32082, 208, 235265]",16
cars,transportation ________________________________________________,5,-1.5595722198486328,0.21022598247086796,"[16216, 235248, 6294, 6294, 6294]",17
cars,<em>_____</em>,3,-1.569269061088562,0.20819730626601168,"[235248, 200, 23334, 209, 235265]",18
cars,<b>transport</b>,3,-1.5840305089950562,0.2051465845063686,"[235248, 201, 32082, 210, 235265]",19
cars,technology,1,-1.6019392013549805,0.2015053793642485,"[6178, 235265, 109, 15818, 573]",20
cars,<b>vehicle</b>,3,-1.6063861846923828,0.20061127780065,"[235248, 201, 37436, 210, 235265]",21
cars,<strong>vehicle</strong>,3,-1.6086679697036743,0.20015404784248333,"[235248, 199, 37436, 208, 235265]",22
cars,"<math xmlns=""http",5,-1.615785837173462,0.19873443615392775,"[968, 1083, 43984, 627, 2255]",23
cars,_________________ transportation,3,-1.6158148050308228,0.19872867932651045,"[235248, 6294, 235298, 16216, 235265]",24
cars,two-wheeled vehicle,5,-1.6195217370986938,0.19799336932643108,"[1378, 235290, 16035, 42902, 8692]",25
cars,<b>transportation</b>,3,-1.630197286605835,0.19589092365898234,"[235248, 201, 172484, 210, 235265]",26
cars,<strong>________</strong>,3,-1.6335391998291016,0.1952373658658692,"[235248, 199, 3266, 208, 235265]",27
cars,_____________ transportation,2,-1.6432454586029053,0.19335150858560296,"[35929, 23334, 16216, 235265, 109]",28
cars,<em>transport</em>,3,-1.6459544897079468,0.19282842218320956,"[235248, 200, 32082, 209, 235265]",29
cars,means of transport ________________,5,-1.6481605768203735,0.19240349477190158,"[3454, 576, 6676, 235248, 6294]",30
cars,<em>,1,-1.655936598777771,0.19091316290811416,"[235248, 200, 235265, 209, 109]",31
cars,transport ________________________________________________,5,-1.659242033958435,0.1902831536240299,"[6676, 235248, 6294, 6294, 6294]",32
cars,engine,1,-1.665915846824646,0.1890174676386352,"[4800, 235265, 109, 15818, 573]",33
cars,transportation _________________,4,-1.6763575077056885,0.18705407969520288,"[16216, 235248, 6294, 10746, 109]",34
cars,vehicle ________________________________________________,5,-1.6784327030181885,0.1866663084355449,"[8692, 235248, 6294, 6294, 6294]",35
cars,transportation_,2,-1.6788591146469116,0.18658672871900125,"[16216, 235298, 109, 15818, 573]",36
cars,car,1,-1.6836957931518555,0.18568644763902892,"[1226, 235265, 109, 15818, 573]",37
cars,public transport,2,-1.6927356719970703,0.18401542893204306,"[2294, 6676, 235265, 109, 15818]",38
cars,transportation __________________,4,-1.694356918334961,0.18371733629786058,"[16216, 235248, 6294, 42254, 109]",39
cars,transport __________________,4,-1.694888710975647,0.1836196627437914,"[6676, 235248, 6294, 42254, 109]",40
cars,internal combustion engine,3,-1.6960480213165283,0.18340691391477001,"[8678, 40332, 4800, 235265, 109]",41
cars,<u>transport</u>,3,-1.6965172290802002,0.1833208781527523,"[235248, 203, 32082, 212, 235265]",42
cars,transport _________________,4,-1.704567551612854,0.18185101034982015,"[6676, 235248, 6294, 10746, 109]",43
cars,means of transportation ________________,5,-1.7089694738388062,0.1810522756193818,"[3454, 576, 16216, 235248, 6294]",44
cars,<i>________</i>,3,-1.7243410348892212,0.1782905002906855,"[235248, 202, 3266, 211, 235265]",45
cars,<em>_______</em>,3,-1.7246173620224,0.17824124059407598,"[235248, 200, 31698, 209, 235265]",46
cars,<u><strong>vehicle</strong>,4,-1.7273190021514893,0.1777603467993132,"[235248, 203, 199, 37436, 208]",47
cars,<strong>automobile</strong>,3,-1.7333910465240479,0.17668424845061295,"[235248, 199, 156827, 208, 235265]",48
cars,_____ transportation,2,-1.735612154006958,0.17629224924160988,"[78909, 16216, 235265, 109, 15818]",49
cars,<b>motor vehicle</b>,4,-1.7436319589614868,0.17488407398065545,"[235248, 201, 22046, 8692, 210]",50
cars,mode of transport,3,-1.7440516948699951,0.17481068425820792,"[4058, 576, 6676, 235265, 109]",51
cars,<em>______</em>,3,-1.744436264038086,0.1747434703838096,"[235248, 200, 28878, 209, 235265]",52
cars,<b><u>transport</u>,4,-1.7482020854949951,0.17408665517420197,"[235248, 201, 203, 32082, 212]",53
cars,[blank_start],5,-1.7490752935409546,0.17393470765676197,"[892, 18574, 235298, 2997, 235307]",54
cars,transportation ________________,3,-1.7497743368148804,0.1738131622569689,"[16216, 235248, 6294, 235265, 109]",55
cars,<u>transportation</u>,3,-1.7506763935089111,0.17365644362561652,"[235248, 203, 172484, 212, 235265]",56
cars,pollution,1,-1.754712700843811,0.1729569255331607,"[21675, 235265, 109, 15818, 573]",57
cars,transportation _______________,3,-1.7559140920639038,0.17274926136930002,"[16216, 35929, 31698, 235265, 109]",58
cars,_________________ vehicle,3,-1.756447434425354,0.17265715143555074,"[235248, 6294, 235298, 8692, 235265]",59
cars,<em>____</em>,3,-1.7588374614715576,0.1722449889098884,"[235248, 200, 1878, 209, 235265]",60
cars,vehicle_,2,-1.7599029541015625,0.1720615608816092,"[8692, 235298, 109, 15818, 573]",61
cars,<b>automobile</b>,3,-1.7617473602294922,0.17174450196692242,"[235248, 201, 156827, 210, 235265]",62
cars,transportation ____________________,4,-1.7621862888336182,0.17166913493399105,"[16216, 235248, 6294, 1878, 109]",63
cars,<i>transport</i>,3,-1.7627357244491577,0.17157483970412044,"[235248, 202, 32082, 211, 235265]",64
cars,<i>transportation</i>,3,-1.7634540796279907,0.17145163228810248,"[235248, 202, 172484, 211, 235265]",65
cars,<u><strong>transport</strong>,4,-1.7653099298477173,0.1711337388112278,"[235248, 203, 199, 32082, 208]",66
cars,transportation _______,2,-1.7692674398422241,0.1704578137018612,"[16216, 109426, 235265, 109, 15818]",67
cars,<u>________</u>,3,-1.7696880102157593,0.17038613926860868,"[235248, 203, 3266, 212, 235265]",68
cars,transport ________________,3,-1.7728573083877563,0.169846989603204,"[6676, 235248, 6294, 235265, 109]",69
cars,_____________ vehicle,2,-1.774977445602417,0.16948727213968234,"[35929, 23334, 8692, 235265, 109]",70
cars,<u><strong>transportation</strong>,4,-1.7798988819122314,0.16865520049775257,"[235248, 203, 199, 172484, 208]",71
cars,vehicle _______________,3,-1.7812864780426025,0.1684213374854042,"[8692, 35929, 31698, 235265, 109]",72
cars,transportation ___________________,4,-1.787976861000061,0.1672982952198954,"[16216, 235248, 6294, 7043, 109]",73
cars,motor vehicles,2,-1.789926290512085,0.16697247666921491,"[5980, 13092, 235265, 109, 15818]",74
cars,<strong><u>transport</u>,4,-1.7899961471557617,0.16696081293980763,"[235248, 199, 203, 32082, 212]",75
cars,vehicle_____,2,-1.7900108098983765,0.16695836485432863,"[8692, 23334, 109, 15818, 573]",76
cars,mass transportation,2,-1.7929699420928955,0.16646504324365347,"[5182, 16216, 235265, 109, 15818]",77
cars,transport_____,2,-1.793077826499939,0.1664470852298819,"[6676, 23334, 109, 15818, 573]",78
cars,transportation ______________________,4,-1.7940351963043213,0.1662878100712345,"[16216, 235248, 6294, 28878, 109]",79
cars,automobiles,2,-1.7953031063079834,0.1660771056986763,"[79002, 235265, 109, 15818, 573]",80
cars,means of transport_____,4,-1.7953670024871826,0.16606649434518575,"[3454, 576, 6676, 23334, 109]",81
cars,transport ____________________,4,-1.7954670190811157,0.1660498857706353,"[6676, 235248, 6294, 1878, 109]",82
cars,<em>__________</em>,3,-1.7971105575561523,0.16577720054031153,"[235248, 200, 54382, 209, 235265]",83
cars,four-wheeled vehicle,5,-1.7975040674209595,0.16571197841015625,"[2785, 235290, 16035, 42902, 8692]",84
cars,<u>vehicle</u>,3,-1.7996490001678467,0.16535691828728333,"[235248, 203, 37436, 212, 235265]",85
cars,transportation are a kind of,5,-1.8014285564422607,0.16506291801842615,"[16216, 708, 476, 2858, 576]",86
cars,automobile ________________________________________________,5,-1.8020350933074951,0.16496283162967543,"[34984, 235248, 6294, 6294, 6294]",87
cars,cars are a kind of,5,-1.8039188385009766,0.16465237618976544,"[9446, 708, 476, 2858, 576]",88
cars,public transportation,2,-1.8041480779647827,0.16461463569330417,"[2294, 16216, 235265, 109, 15818]",89
cars,<strong>means of transport,4,-1.8067998886108398,0.16417868713186348,"[235248, 199, 44544, 576, 6676]",90
cars,fuel,1,-1.8080275058746338,0.16397726220284983,"[9719, 235265, 109, 15818, 573]",91
cars,transportation _____,2,-1.8107595443725586,0.16352988141876212,"[16216, 78909, 109, 15818, 573]",92
cars,$\rule{1cm,5,-1.81209397315979,0.16331180797152753,"[1467, 14159, 235282, 235274, 2890]",93
cars,transport ___________________,4,-1.8121227025985718,0.16330711618233462,"[6676, 235248, 6294, 7043, 109]",94
cars,<strong><u>vehicle</u>,4,-1.812183141708374,0.16329724634387333,"[235248, 199, 203, 37436, 212]",95
cars,transportation_____,2,-1.8151638507843018,0.16281122945693494,"[16216, 23334, 109, 15818, 573]",96
cars,transport ______________________,4,-1.8171190023422241,0.1624932198078478,"[6676, 235248, 6294, 28878, 109]",97
cars,<u>_____</u>,3,-1.817994475364685,0.16235102363111376,"[235248, 203, 23334, 212, 235265]",98
cars,vehicle _____,2,-1.8196210861206055,0.16208715637268076,"[8692, 78909, 109, 15818, 573]",99
cars,transportation _____________________,4,-1.8196808099746704,0.1620774761920795,"[16216, 235248, 6294, 23334, 109]",100
cars,mode of transportation,3,-1.822353720664978,0.1616448360351392,"[4058, 576, 16216, 235265, 109]",101
cars,transportation ______________,3,-1.8233973979949951,0.1614762189904542,"[16216, 35929, 28878, 235265, 109]",102
cars,machines,1,-1.8239295482635498,0.1613903122368315,"[15051, 235265, 109, 15818, 573]",103
cars,machinery,1,-1.8257299661636353,0.16110000364659086,"[25491, 235265, 109, 15818, 573]",104
cars,internal-combustion engine,5,-1.8269832134246826,0.16089823196957587,"[8678, 235290, 872, 83780, 4800]",105
cars,transport _____,2,-1.8271567821502686,0.16087030749198197,"[6676, 78909, 109, 15818, 573]",106
cars,___________________ transportation,3,-1.828437089920044,0.16066447577946066,"[235248, 6294, 7043, 16216, 235265]",107
cars,form of transportation,3,-1.8285226821899414,0.16065072473078693,"[1736, 576, 16216, 235265, 109]",108
cars,<b>vehicles</b>,3,-1.8302185535430908,0.16037851265242584,"[235248, 201, 104812, 210, 235265]",109
cars,transportation __________,2,-1.8313684463500977,0.16019420054422104,"[16216, 35929, 42254, 109, 15818]",110
cars,<em>__</em>,3,-1.8328357934951782,0.15995931241475206,"[235248, 200, 905, 209, 235265]",111
cars,_________________ because they,4,-1.833843469619751,0.15979820641969342,"[235248, 6294, 235298, 1861, 984]",112
cars,<b>means of transport,4,-1.8338725566864014,0.15979355842621124,"[235248, 201, 44544, 576, 6676]",113
cars,______________ transportation,2,-1.835182785987854,0.15958432932276084,"[35929, 28878, 16216, 235265, 109]",114
cars,<em>blank</em>,3,-1.8352978229522705,0.1595659722818365,"[235248, 200, 18574, 209, 235265]",115
cars,vehicle _______,2,-1.8353853225708008,0.15955201093094676,"[8692, 109426, 235265, 109, 15818]",116
cars,<strong>motor vehicle</strong>,4,-1.8354804515838623,0.1595368336275273,"[235248, 199, 22046, 8692, 208]",117
cars,<em>_________</em>,3,-1.8370208740234375,0.15929126869449375,"[235248, 200, 69442, 209, 235265]",118
cars,vehicle _________________,4,-1.8385913372039795,0.15904130395361335,"[8692, 235248, 6294, 235298, 109]",119
cars,transport _____________________,4,-1.8387954235076904,0.1590088491136589,"[6676, 235248, 6294, 23334, 109]",120
cars,_____________ transport,2,-1.8407604694366455,0.1586966962198726,"[35929, 23334, 6676, 235265, 109]",121
cars,<em>transportation,2,-1.8428905010223389,0.15835902699510426,"[235248, 200, 172484, 235265, 209]",122
cars,<strong><em><u>vehicle,4,-1.8443167209625244,0.1581333331758652,"[235248, 199, 200, 203, 37436]",123
cars,transport vehicle,2,-1.846984624862671,0.15771201091310033,"[6676, 8692, 235265, 109, 15818]",124
cars,transport _______________,3,-1.8478126525878906,0.1575814750465807,"[6676, 35929, 31698, 235265, 109]",125
cars,__________________ transportation,3,-1.8508001565933228,0.15711140228045659,"[235248, 6294, 905, 16216, 235265]",126
cars,self-propelled vehicle,5,-1.8543504476547241,0.15655460006311775,"[2011, 235290, 10316, 16973, 8692]",127
cars,means of transportation_,4,-1.8553956747055054,0.15639105044833812,"[3454, 576, 16216, 235298, 109]",128
cars,<strong>automobiles</strong>,4,-1.8556878566741943,0.15634536247825834,"[235248, 199, 4537, 44944, 208]",129
cars,<strong>vehicles</strong>,3,-1.8558180332183838,0.15632501130392237,"[235248, 199, 104812, 208, 235265]",130
cars,personal transportation,2,-1.857916235923767,0.15599735360862493,"[3749, 16216, 235265, 109, 15818]",131
cars,<strong><u>transportation</u>,4,-1.8618577718734741,0.15538369460529722,"[235248, 199, 203, 172484, 212]",132
cars,transportation _______________________,4,-1.8621113300323486,0.15534430079629588,"[16216, 235248, 6294, 31698, 109]",133
cars,automobile are a kind of,5,-1.8622108697891235,0.15532883863194105,"[34984, 708, 476, 2858, 576]",134
cars,<b><u>transportation</u>,4,-1.8629802465438843,0.15520937819508807,"[235248, 201, 203, 172484, 212]",135
cars,_______________ transportation,2,-1.8638160228729248,0.15507971206423682,"[35929, 31698, 16216, 235265, 109]",136
cars,[User 0,4,-1.866281270980835,0.15469787295495,"[109, 235309, 2224, 235248, 235276]",137
cars,source of pollution,3,-1.8669884204864502,0.15458851710059637,"[4303, 576, 21675, 235265, 109]",138
cars,<em><strong>transportation</strong>,4,-1.8697526454925537,0.1541617897129448,"[235248, 200, 199, 172484, 208]",139
cars,<i>vehicle</i>,3,-1.8701183795928955,0.15410541779867112,"[235248, 202, 37436, 211, 235265]",140
cars,vehicle ______________,3,-1.8707726001739502,0.15400463183441598,"[8692, 35929, 28878, 235265, 109]",141
cars,vehicle are a kind of,5,-1.870873212814331,0.1539891378012371,"[8692, 708, 476, 2858, 576]",142
cars,<strong><em><u>transport,4,-1.8724416494369507,0.15374780490517334,"[235248, 199, 200, 203, 32082]",143
cars,<strong><em>transportation</em>,4,-1.8734937906265259,0.15358612557648138,"[235248, 199, 200, 172484, 209]",144
cars,<em><u>vehicle</u>,4,-1.8771216869354248,0.15302994053925129,"[235248, 200, 203, 37436, 212]",145
cars,transport _______________________,4,-1.8772608041763306,0.15300865291691945,"[6676, 235248, 6294, 31698, 109]",146
cars,means of transport_,4,-1.879395842552185,0.15268232205951782,"[3454, 576, 6676, 235298, 109]",147
cars,<i>______</i>,3,-1.8811334371566772,0.1524172524389694,"[235248, 202, 28878, 211, 235265]",148
cars,_____________________ transportation,3,-1.881580114364624,0.1523491863291287,"[235248, 6294, 23334, 16216, 235265]",149
cars,transportation that we use to,5,-1.8829463720321655,0.1521411802124951,"[16216, 674, 783, 1281, 577]",150
cars,_________________ transport,3,-1.8838732242584229,0.15200023314954936,"[235248, 6294, 235298, 6676, 235265]",151
cars,motor vehicle _______,3,-1.8848060369491577,0.15185851151321972,"[5980, 8692, 109426, 235265, 109]",152
cars,vehicle __________________,4,-1.8858894109725952,0.15169408103254678,"[8692, 235248, 6294, 42254, 109]",153
cars,_____ vehicle,2,-1.8882849216461182,0.15133113114105737,"[78909, 8692, 235265, 109, 15818]",154
cars,<strong><em><u>transportation,4,-1.8911917209625244,0.15089188062833717,"[235248, 199, 200, 203, 172484]",155
cars,<b>means</b> of,4,-1.8912585973739624,0.15088178985826664,"[235248, 201, 44544, 210, 576]",156
cars,transport_,2,-1.8913110494613647,0.15087387600098853,"[6676, 235298, 109, 15818, 573]",157
cars,<i>,1,-1.8923126459121704,0.1507228369149997,"[235248, 202, 235265, 211, 109]",158
cars,<em>car</em>,3,-1.8954153060913086,0.1502559198878151,"[235248, 200, 2269, 209, 235265]",159
cars,transportation ________________________,4,-1.8967701196670532,0.1500524889643203,"[16216, 235248, 6294, 3266, 109]",160
cars,transportation ________,2,-1.8976532220840454,0.14992003574212856,"[16216, 35929, 235265, 109, 15818]",161
cars,<em><u>transportation</u>,4,-1.9002599716186523,0.1495297406804739,"[235248, 200, 203, 172484, 212]",162
cars,<strong>_</strong>,3,-1.900903344154358,0.14943356829270277,"[235248, 199, 235298, 208, 235265]",163
cars,<strong>transportation,2,-1.9057365655899048,0.1487130653449662,"[235248, 199, 172484, 235265, 208]",164
cars,<i>automobile</i>,3,-1.9058783054351807,0.14869198827185953,"[235248, 202, 156827, 211, 235265]",165
cars,<em><u>transport</u>,4,-1.9064111709594727,0.14861277654404478,"[235248, 200, 203, 32082, 212]",166
cars,<u><strong>motor vehicle,4,-1.9069420099258423,0.14853390802644803,"[235248, 203, 199, 22046, 8692]",167
cars,automobile_,2,-1.9074348211288452,0.14846072688627074,"[34984, 235298, 109, 15818, 573]",168
cars,transportation _________,2,-1.9105056524276733,0.14800552831621996,"[16216, 35929, 10746, 109, 15818]",169
cars,<b><i>transport</i>,4,-1.910739541053772,0.14797091555447053,"[235248, 201, 202, 32082, 211]",170
cars,__________ transportation,2,-1.913047432899475,0.1476298084556122,"[142080, 16216, 235265, 109, 15818]",171
cars,transport ______________,3,-1.9131243228912354,0.1476184576372442,"[6676, 35929, 28878, 235265, 109]",172
cars,vehicle __________,2,-1.913140892982483,0.1476160116061969,"[8692, 35929, 42254, 109, 15818]",173
cars,transportation ______,2,-1.9149820804595947,0.14734447290774097,"[16216, 91915, 235265, 109, 15818]",174
cars,_______________ vehicle,2,-1.9185714721679688,0.1468165439171897,"[35929, 31698, 8692, 235265, 109]",175
cars,vehicle ____________________,4,-1.9194339513778687,0.14668997229093594,"[8692, 235248, 6294, 1878, 109]",176
cars,<em>________________</em>,3,-1.920082449913025,0.14659487489737616,"[235248, 200, 6294, 209, 235265]",177
cars,transport __________,2,-1.9203681945800781,0.14655299217782375,"[6676, 35929, 42254, 109, 15818]",178
cars,means of transportation_____,4,-1.9203888177871704,0.14654996981628157,"[3454, 576, 16216, 23334, 109]",179
cars,transportation _________________________,4,-1.9220266342163086,0.14631014431670827,"[16216, 235248, 6294, 69442, 109]",180
cars,machine ________________________________________________,5,-1.9228585958480835,0.1461884705112843,"[6479, 235248, 6294, 6294, 6294]",181
cars,form of transport,3,-1.9238688945770264,0.14604085106776504,"[1736, 576, 6676, 235265, 109]",182
cars,___________________ vehicle,3,-1.9240299463272095,0.1460173328269801,"[235248, 6294, 7043, 8692, 235265]",183
cars,<b>________</b>,3,-1.9247686862945557,0.14590950382099754,"[235248, 201, 3266, 210, 235265]",184
cars,transport _______,2,-1.9252874851226807,0.14583382577394138,"[6676, 109426, 235265, 109, 15818]",185
cars,______________ vehicle,2,-1.927549123764038,0.14550437504802874,"[35929, 28878, 8692, 235265, 109]",186
cars,transportation _____________,3,-1.9277070760726929,0.14548139411106434,"[16216, 35929, 23334, 109, 15818]",187
cars,______________ transport,2,-1.9282928705215454,0.1453961968744532,"[35929, 28878, 6676, 235265, 109]",188
cars,vehicle ______,2,-1.928577184677124,0.1453548645534749,"[8692, 91915, 109, 15818, 573]",189
cars,_________ transportation,2,-1.930762529373169,0.14503756090637948,"[158807, 16216, 235265, 109, 15818]",190
cars,transportation _,2,-1.9315353631973267,0.14492551427582756,"[16216, 1762, 109, 15818, 573]",191
cars,__________ vehicle,2,-1.933434247970581,0.14465057854176538,"[142080, 8692, 235265, 109, 15818]",192
cars,<strong>_________</strong>,3,-1.9337079524993896,0.14461099244101838,"[235248, 199, 69442, 208, 235265]",193
cars,motor vehicle __________,3,-1.934213399887085,0.14453791766194088,"[5980, 8692, 35929, 42254, 109]",194
cars,<strong>means of transportation,4,-1.934924840927124,0.1444351240256159,"[235248, 199, 44544, 576, 16216]",195
cars,land transport,2,-1.9352115392684937,0.14439372065054532,"[2840, 6676, 235265, 109, 15818]",196
cars,transport_______,2,-1.935258150100708,0.14438699049590953,"[6676, 31698, 109, 15818, 573]",197
cars,<em><strong>transport</strong>,4,-1.935284972190857,0.14438311778697144,"[235248, 200, 199, 32082, 208]",198
cars,vehicle ______________________,4,-1.9353126287460327,0.14437912470252565,"[8692, 235248, 6294, 28878, 109]",199
cars,<strong><em>transport</em>,4,-1.935514211654663,0.14435002327189667,"[235248, 199, 200, 32082, 209]",200
cars,<em>means of transport,4,-1.935869574546814,0.14429873574352664,"[235248, 200, 44544, 576, 6676]",201
cars,<em><strong><strong>transportation,4,-1.937326431274414,0.1440886662173306,"[235248, 200, 199, 199, 172484]",202
cars,vehicle ________________,3,-1.937680959701538,0.1440375917433416,"[8692, 235248, 6294, 235265, 109]",203
cars,vehicle________,2,-1.9383375644683838,0.1439430470166538,"[8692, 3266, 109, 15818, 573]",204
cars,auto,1,-1.9385427236557007,0.14391351880720327,"[3072, 235265, 109, 15818, 573]",205
cars,<i>__________</i>,3,-1.9385910034179688,0.14390657086445194,"[235248, 202, 54382, 211, 235265]",206
cars,vehicle ___________________,4,-1.9402494430541992,0.14366810829596005,"[8692, 235248, 6294, 7043, 109]",207
cars,transportation________,2,-1.9417864084243774,0.14344746499270308,"[16216, 3266, 109, 15818, 573]",208
cars,transportation that people use to,5,-1.941927194595337,0.14342727099492408,"[16216, 674, 1461, 1281, 577]",209
cars,vehicle that we use to,5,-1.9436655044555664,0.1431781665286298,"[8692, 674, 783, 1281, 577]",210
cars,_____ transport,2,-1.9443508386611938,0.14308007525010225,"[78909, 6676, 235265, 109, 15818]",211
cars,<strong>means</strong> of,4,-1.9461688995361328,0.14282018328459986,"[235248, 199, 44544, 208, 576]",212
cars,automobile _______________,3,-1.9473028182983398,0.14265832858153624,"[34984, 35929, 31698, 235265, 109]",213
cars,motor vehicle ________________________________,5,-1.948386788368225,0.1425037750039934,"[5980, 8692, 235248, 6294, 6294]",214
cars,_________________ machine,3,-1.9491052627563477,0.14240142646324755,"[235248, 6294, 235298, 6479, 235265]",215
cars,<u><b>transport</b>,4,-1.9494184255599976,0.14235683861528473,"[235248, 203, 201, 32082, 210]",216
cars,public _________________,4,-1.9495737552642822,0.14233472808689507,"[2294, 235248, 6294, 10746, 109]",217
cars,transportation__________,2,-1.9498491287231445,0.14229553827667002,"[16216, 3266, 42254, 109, 15818]",218
cars,vehicle________________________________________________________________,5,-1.9501031637191772,0.14225939482121408,"[8692, 6294, 6294, 6294, 6294]",219
cars,automobile _________________,4,-1.9506200551986694,0.1421858811530844,"[34984, 235248, 6294, 235298, 109]",220
cars,two-wheeled transport,5,-1.950771689414978,0.14216432254297837,"[1378, 235290, 16035, 42902, 6676]",221
cars,motor vehicle ______,3,-1.951146125793457,0.14211110101355665,"[5980, 8692, 91915, 235265, 109]",222
cars,transport ________________________,4,-1.9525032043457031,0.1419183758874805,"[6676, 235248, 6294, 3266, 109]",223
cars,transportation_________,2,-1.952791452407837,0.14187747408586546,"[16216, 3266, 10746, 109, 15818]",224
cars,transport _________________________,4,-1.9533007144927979,0.14180523966229125,"[6676, 235248, 6294, 69442, 109]",225
cars,vehicle that is used for,5,-1.9536199569702148,0.14175997663159617,"[8692, 674, 603, 1671, 604]",226
cars,two-wheeled vehicles,5,-1.9538967609405518,0.1417207423375844,"[1378, 235290, 16035, 42902, 13092]",227
cars,_______________ transport,2,-1.9539991617202759,0.14170623076607675,"[35929, 31698, 6676, 235265, 109]",228
cars,transportation________________________________________________________________,5,-1.9547628164291382,0.14159805744446724,"[16216, 6294, 6294, 6294, 6294]",229
cars,public __________________,4,-1.955444574356079,0.14150155474584275,"[2294, 235248, 6294, 42254, 109]",230
cars,transportation in the United States,5,-1.9567188024520874,0.1413213643153919,"[16216, 575, 573, 3520, 3858]",231
cars,Which of the following,4,-1.9579709768295288,0.14114451606953948,"[109, 13033, 576, 573, 2412]",232
cars,________________ cars are a,4,-1.9597114324569702,0.14089907395477616,"[235248, 6294, 9446, 708, 476]",233
cars,means of transport _____,4,-1.960606336593628,0.14077303919356865,"[3454, 576, 6676, 78909, 109]",234
cars,______ transportation,2,-1.9618085622787476,0.14060389992223804,"[91915, 16216, 235265, 109, 15818]",235
cars,vehicle _____________,3,-1.9626169204711914,0.14049028753378545,"[8692, 35929, 23334, 109, 15818]",236
cars,<em>technology</em>,3,-1.9652483463287354,0.14012108373768606,"[235248, 200, 32653, 209, 235265]",237
cars,motor vehicle ________,3,-1.965880036354065,0.14003259859728326,"[5980, 8692, 35929, 235265, 109]",238
cars,transportation ____________________________,4,-1.9659464359283447,0.1400233008010394,"[16216, 235248, 6294, 74763, 109]",239
cars,<em>____________</em>,3,-1.9662749767303467,0.13997730498965935,"[235248, 200, 74763, 209, 235265]",240
cars,<b>vehicle,2,-1.9677518606185913,0.13977072734634544,"[235248, 201, 37436, 235265, 210]",241
cars,vehicle _________,2,-1.9679492712020874,0.13974313784882333,"[8692, 158807, 109, 15818, 573]",242
cars,vehicle _____________________,4,-1.9681857824325562,0.13971009093547826,"[8692, 235248, 6294, 23334, 109]",243
cars,______________________ transportation,3,-1.9681921005249023,0.13970920823701052,"[235248, 6294, 28878, 16216, 235265]",244
cars,_<em><strong><strong><strong>,5,-1.9684154987335205,0.13967800093612026,"[1762, 200, 199, 199, 199]",245
cars,transportation because they are used,5,-1.9687541723251343,0.13963070369548905,"[16216, 1861, 984, 708, 1671]",246
cars,road transport,2,-1.9689162969589233,0.13960806795374198,"[4376, 6676, 235265, 109, 15818]",247
cars,<strong>technology</strong>,3,-1.9711854457855225,0.13929163562196492,"[235248, 199, 32653, 208, 235265]",248
cars,<i>____</i>,3,-1.9713236093521118,0.13927239192221103,"[235248, 202, 1878, 211, 235265]",249
cars,<em><u><strong>vehicle,4,-1.9715150594711304,0.13924573075842445,"[235248, 200, 203, 199, 37436]",250
cars,equipment,1,-1.9716005325317383,0.13923382950826532,"[6682, 235265, 109, 15818, 573]",251
cars,<i>_________</i>,3,-1.9725195169448853,0.13910593456489517,"[235248, 202, 69442, 211, 235265]",252
cars,transportation __________________________,4,-1.9732911586761475,0.13899863602405862,"[16216, 235248, 6294, 54382, 109]",253
cars,<strong>vehicle,2,-1.9751462936401367,0.13874101383027762,"[235248, 199, 37436, 235265, 208]",254
cars,public transport ________________________________,5,-1.975334882736206,0.1387148512549574,"[2294, 6676, 235248, 6294, 6294]",255
cars,conveyance,3,-1.9755598306655884,0.13868365114572456,"[100463, 235265, 109, 15818, 573]",256
cars,automobile __________________,4,-1.9771745204925537,0.13845990075740497,"[34984, 235248, 6294, 42254, 109]",257
cars,transport______,2,-1.9771804809570312,0.1384590754745445,"[6676, 28878, 109, 15818, 573]",258
cars,transport _____________,3,-1.9772762060165405,0.13844582210565498,"[6676, 35929, 23334, 109, 15818]",259
cars,<strong><em>________</em>,4,-1.9784975051879883,0.1382768415467391,"[235248, 199, 200, 3266, 209]",260
cars,means of transport______,4,-1.9792330265045166,0.13817517337633603,"[3454, 576, 6676, 28878, 109]",261
cars,_______ transportation,2,-1.9794132709503174,0.1381502703131742,"[109426, 16216, 235265, 109, 15818]",262
cars,transportation that are powered by,5,-1.9794788360595703,0.13814121277254038,"[16216, 674, 708, 31793, 731]",263
cars,vehicle _______________________,4,-1.981069803237915,0.13792160937426323,"[8692, 235248, 6294, 31698, 109]",264
cars,In each of the,4,-1.9813635349273682,0.1378811033761685,"[109, 886, 1853, 576, 573]",265
cars,vehicle ________,2,-1.9814097881317139,0.13787472608080492,"[8692, 35929, 235265, 109, 15818]",266
cars,source of energy,3,-1.981447458267212,0.13786953241901528,"[4303, 576, 4134, 235265, 109]",267
cars,vehicle that is used to,5,-1.9817450046539307,0.13782851594026055,"[8692, 674, 603, 1671, 577]",268
cars,_________ vehicle,2,-1.9829730987548828,0.13765935344788194,"[158807, 8692, 235265, 109, 15818]",269
cars,Complete the sentence with,4,-1.984769582748413,0.13741227262767386,"[109, 15818, 573, 13060, 675]",270
cars,personal transport,2,-1.9850199222564697,0.1373778772123886,"[3749, 6676, 235265, 109, 15818]",271
cars,<strong>transport,2,-1.986815094947815,0.1371314814264855,"[235248, 199, 32082, 235265, 208]",272
cars,mass transit,2,-1.9868619441986084,0.1371250570698098,"[5182, 27005, 235265, 109, 15818]",273
cars,<b><i>vehicle</i>,4,-1.987544059753418,0.13703155382906124,"[235248, 201, 202, 37436, 211]",274
cars,motor vehicle _____________,4,-1.9879710674285889,0.13697305279491984,"[5980, 8692, 35929, 23334, 109]",275
cars,machine that we use to,5,-1.9882854223251343,0.13693000141213998,"[6479, 674, 783, 1281, 577]",276
cars,Step 1,3,-1.9884803295135498,0.1369033153712901,"[109, 5856, 235248, 235274, 108]",277
cars,transport _________,2,-1.988916039466858,0.13684367822733404,"[6676, 35929, 10746, 109, 15818]",278
cars,metal,1,-1.9907958507537842,0.13658667956662882,"[5998, 235265, 109, 15818, 573]",279
cars,<u><b>vehicle</b>,4,-1.991193175315857,0.1365324211038088,"[235248, 203, 201, 37436, 210]",280
cars,motor vehicle _____,3,-1.9931457042694092,0.13626609768520823,"[5980, 8692, 58490, 10746, 109]",281
cars,<b><i>transportation</i>,4,-1.9943811893463135,0.13609784691209167,"[235248, 201, 202, 172484, 211]",282
cars,vehicle__________,2,-1.9944627285003662,0.13608675006120613,"[8692, 3266, 42254, 109, 15818]",283
cars,public ________________,3,-1.994830846786499,0.1360366632595076,"[2294, 235248, 6294, 235265, 109]",284
cars,transportation ___________________________,4,-1.995182991027832,0.1359887671655924,"[16216, 235248, 6294, 79391, 109]",285
cars,transport _,2,-1.9958091974258423,0.13590363678691156,"[6676, 1762, 109, 15818, 573]",286
cars,<b>motor vehicles</b>,4,-1.9963773488998413,0.13582644486577758,"[235248, 201, 22046, 13092, 210]",287
cars,mass transportation ________________________________,5,-1.9972965717315674,0.13570164746360297,"[5182, 16216, 235248, 6294, 6294]",288
cars,__________________ because they,4,-1.997520089149475,0.13567131917133315,"[235248, 6294, 905, 1861, 984]",289
cars,<em>_____________</em>,3,-1.9980930089950562,0.13559361264203562,"[235248, 200, 83831, 209, 235265]",290
cars,transportation vehicles are a kind,5,-1.9982963800430298,0.1355660396308052,"[16216, 13092, 708, 476, 2858]",291
cars,private transport,2,-1.998779058456421,0.13550062061932894,"[4765, 6676, 235265, 109, 15818]",292
cars,vehicle_________,2,-1.9991811513900757,0.13544614772958802,"[8692, 3266, 10746, 109, 15818]",293
cars,<u>motor vehicle</u>,4,-2.0004544258117676,0.1352737973621094,"[235248, 203, 22046, 8692, 212]",294
cars,_______ vehicle,2,-2.0008020401000977,0.1352267824293143,"[109426, 8692, 235265, 109, 15818]",295
cars,vehicle_______,2,-2.0008769035339355,0.13521665926696685,"[8692, 31698, 109, 15818, 573]",296
cars,<em>means of transportation,4,-2.0014946460723877,0.13513315597905223,"[235248, 200, 44544, 576, 16216]",297
cars,vehicle ____________,2,-2.0038485527038574,0.13481543923154357,"[8692, 168262, 235265, 109, 15818]",298
cars,_____________ vehicles,2,-2.004544973373413,0.1347215836583614,"[35929, 23334, 13092, 235265, 109]",299
cars,_________________ that are,4,-2.005073070526123,0.1346504563563387,"[235248, 6294, 235298, 674, 708]",300
cars,means of transport_______,4,-2.005272388458252,0.13462362078031218,"[3454, 576, 6676, 31698, 109]",301
cars,<b>means of transportation,4,-2.0057475566864014,0.1345596671085387,"[235248, 201, 44544, 576, 16216]",302
cars,mass __________________,4,-2.0061774253845215,0.1345018365502832,"[5182, 235248, 6294, 42254, 109]",303
cars,automobile ______________,3,-2.0062077045440674,0.13449776400937194,"[34984, 35929, 28878, 235265, 109]",304
cars,<b>transport,2,-2.0064377784729004,0.13446682313986724,"[235248, 201, 32082, 235265, 210]",305
cars,transport ____________________________,4,-2.0074570178985596,0.1343298390739191,"[6676, 235248, 6294, 74763, 109]",306
cars,<em>transport,2,-2.008272171020508,0.13422038430348693,"[235248, 200, 32082, 235265, 209]",307
cars,means of transportation _____,4,-2.0085151195526123,0.1341877796189324,"[3454, 576, 16216, 78909, 109]",308
cars,machine that is used to,5,-2.0088207721710205,0.13414677104024247,"[6479, 674, 603, 1671, 577]",309
cars,<strong>car</strong>,3,-2.009169578552246,0.13409998795007735,"[235248, 199, 2269, 208, 235265]",310
cars,motor vehicle _________,3,-2.00993013381958,0.13399803627274956,"[5980, 8692, 35929, 10746, 109]",311
cars,automobiles are a kind of,6,-2.012315034866333,0.13367884498688581,"[79002, 708, 476, 2858, 576]",312
cars,vehicle that are used for,5,-2.0128397941589355,0.13360871417326198,"[8692, 674, 708, 1671, 604]",313
cars,__________________ vehicle,3,-2.0134873390197754,0.13352222454301566,"[235248, 6294, 905, 8692, 235265]",314
cars,____________________ transportation,3,-2.0149593353271484,0.13332582490676853,"[235248, 6294, 1878, 16216, 235265]",315
cars,vehicle______,2,-2.015643358230591,0.13323465817253374,"[8692, 28878, 109, 15818, 573]",316
cars,<em>_________________</em>,4,-2.0168042182922363,0.13308008111755798,"[235248, 200, 6294, 235298, 209]",317
cars,tool,1,-2.019174337387085,0.13276503896734337,"[7217, 235265, 109, 15818, 573]",318
cars,mode of transport ________________,5,-2.0195300579071045,0.1327178201174963,"[4058, 576, 6676, 235248, 6294]",319
cars,transport ________,2,-2.020482063293457,0.13259153216082503,"[6676, 35929, 235265, 109, 15818]",320
cars,<u><strong>means of,4,-2.0212719440460205,0.1324868420134276,"[235248, 203, 199, 44544, 576]",321
cars,machine that is used for,5,-2.0213208198547363,0.13248036677012268,"[6479, 674, 603, 1671, 604]",322
cars,<em><u><strong>transport,4,-2.021515130996704,0.13245462685962395,"[235248, 200, 203, 199, 32082]",323
cars,<strong><strong><strong><strong>,4,-2.0231070518493652,0.13224393732212308,"[235248, 199, 199, 199, 199]",324
cars,vehicle that are powered by,5,-2.0237860679626465,0.13215417203728397,"[8692, 674, 708, 31793, 731]",325
cars,means of transportation _______,4,-2.024412155151367,0.13207145789906846,"[3454, 576, 16216, 109426, 235265]",326
cars,<i>transportation,2,-2.02445650100708,0.13206560120711364,"[235248, 202, 172484, 235265, 211]",327
cars,transport ___________________________,4,-2.0252697467803955,0.131958243075322,"[6676, 235248, 6294, 79391, 109]",328
cars,what,1,-2.0254526138305664,0.13193411446689604,"[1212, 235336, 109, 15818, 573]",329
cars,_________________________ transportation,3,-2.026115894317627,0.13184663415839054,"[235248, 6294, 69442, 16216, 235265]",330
cars,vehicle ________________________,4,-2.026597738265991,0.13178311995880432,"[8692, 235248, 6294, 3266, 109]",331
cars,_________________ vehicles,3,-2.0268008708953857,0.13175635322582774,"[235248, 6294, 235298, 13092, 235265]",332
cars,transport __________________________,4,-2.0270838737487793,0.13171907107763808,"[6676, 235248, 6294, 54382, 109]",333
cars,automobile _____,2,-2.027221202850342,0.13170098345795506,"[34984, 78909, 109, 15818, 573]",334
cars,automobile _______,2,-2.027371883392334,0.13168114017742238,"[34984, 109426, 235265, 109, 15818]",335
cars,_____________ because they are,4,-2.0291779041290283,0.13144353593131125,"[35929, 23334, 1861, 984, 708]",336
cars,<b>motor</b> vehicle,4,-2.029658794403076,0.13138034120937683,"[235248, 201, 22046, 210, 8692]",337
cars,<em><strong>car</strong>,4,-2.029756784439087,0.13136746787575013,"[235248, 200, 199, 2269, 208]",338
cars,_____ in the United States,5,-2.02976393699646,0.1313665282657595,"[78909, 575, 573, 3520, 3858]",339
cars,means of transport _____________,5,-2.0304272174835205,0.1312794243012813,"[3454, 576, 6676, 35929, 23334]",340
cars,______ vehicle,2,-2.0306079387664795,0.13125570145897128,"[91915, 8692, 235265, 109, 15818]",341
cars,personal transportation ________________________________,5,-2.030616283416748,0.13125460618061674,"[3749, 16216, 235248, 6294, 6294]",342
cars,<u><em><strong>vehicle,4,-2.0310251712799072,0.13120094873585228,"[235248, 203, 200, 199, 37436]",343
cars,vehicle that is powered by,5,-2.0314888954162598,0.13114012179376172,"[8692, 674, 603, 31793, 731]",344
cars,________ vehicle,2,-2.032413959503174,0.1310188648705963,"[35929, 8692, 235265, 109, 15818]",345
cars,means of transport _______,4,-2.0326313972473145,0.13099037952118628,"[3454, 576, 6676, 109426, 109]",346
cars,transportation ____________,2,-2.0330607891082764,0.13093414539245818,"[16216, 168262, 235265, 109, 15818]",347
cars,<strong>transport vehicle</strong>,4,-2.0332560539245605,0.1309085810566017,"[235248, 199, 32082, 8692, 208]",348
cars,_____ means of transportation,4,-2.033428430557251,0.13088601742098652,"[78909, 3454, 576, 16216, 235265]",349
cars,<em><u><strong>transportation,4,-2.03401517868042,0.1308092428217943,"[235248, 200, 203, 199, 172484]",350
cars,<u><em><strong>transport,4,-2.0341501235961914,0.13079159197051268,"[235248, 203, 200, 199, 32082]",351
cars,<b><i><u>vehicle,4,-2.0342228412628174,0.13078208145692566,"[235248, 201, 202, 203, 37436]",352
cars,automobile ____________________,4,-2.034736156463623,0.13071496625362153,"[34984, 235248, 6294, 1878, 109]",353
cars,transportation that is used to,5,-2.035086154937744,0.13066922422017588,"[16216, 674, 603, 1671, 577]",354
cars,______ transport,2,-2.035127878189087,0.13066377238902582,"[91915, 6676, 235265, 109, 15818]",355
cars,motor vehicle_________,3,-2.037287473678589,0.13038189597460229,"[5980, 8692, 3266, 10746, 109]",356
cars,<strong>public transport</strong>,4,-2.038267135620117,0.13025422833902414,"[235248, 199, 879, 6676, 208]",357
cars,<u><strong>vehicle,3,-2.0398190021514893,0.13005224792535272,"[235248, 203, 199, 37436, 235265]",358
cars,<strong>machine</strong>,3,-2.0406298637390137,0.12994683629603504,"[235248, 199, 26504, 208, 235265]",359
cars,motor vehicle ______________,4,-2.0414586067199707,0.12983918837994574,"[5980, 8692, 35929, 28878, 109]",360
cars,<u>____________</u>,3,-2.041869640350342,0.1297858310735564,"[235248, 203, 74763, 212, 235265]",361
cars,____________________ vehicle,3,-2.0424532890319824,0.12971010384555276,"[235248, 6294, 1878, 8692, 235265]",362
cars,_____________________ vehicle,3,-2.0424764156341553,0.1297071041262701,"[235248, 6294, 23334, 8692, 235265]",363
cars,technology ________________________________________________,5,-2.0427207946777344,0.1296754103010294,"[6178, 235248, 6294, 6294, 6294]",364
cars,means of transport __________,4,-2.0429272651672363,0.1296486389194334,"[3454, 576, 6676, 35929, 42254]",365
cars,means of transport _______________,5,-2.0429272651672363,0.1296486389194334,"[3454, 576, 6676, 35929, 31698]",366
cars,means of transport ______________,5,-2.0429272651672363,0.1296486389194334,"[3454, 576, 6676, 35929, 28878]",367
cars,vehicle that people use to,5,-2.0431723594665527,0.12961686667087768,"[8692, 674, 1461, 1281, 577]",368
cars,transportation _____________________________,4,-2.0433614253997803,0.12959236285351006,"[16216, 235248, 6294, 83831, 109]",369
cars,<b><i><u>transport,4,-2.04359769821167,0.12956174731849093,"[235248, 201, 202, 203, 32082]",370
cars,vehicle ___________,2,-2.0436131954193115,0.12955973948874824,"[8692, 175094, 235265, 109, 15818]",371
cars,vehicle that are used to,5,-2.0440897941589355,0.12949800619237606,"[8692, 674, 708, 1671, 577]",372
cars,___________________ transport,3,-2.0448055267333984,0.12940535341227788,"[235248, 6294, 7043, 6676, 235265]",373
cars,means of <u>transport,5,-2.045443534851074,0.1293228180782364,"[3454, 576, 235248, 203, 32082]",374
cars,_______ transport,2,-2.0462710857391357,0.12921584113582615,"[109426, 6676, 235265, 109, 15818]",375
cars,transportation ___________,2,-2.0466370582580566,0.12916856034122468,"[16216, 175094, 235265, 109, 15818]",376
cars,mass transportation because they are,5,-2.0466809272766113,0.1291628939675444,"[5182, 16216, 1861, 984, 708]",377
cars,automobile ___________________,4,-2.0469884872436523,0.12912317474046803,"[34984, 235248, 6294, 7043, 109]",378
cars,_____ means of transport,4,-2.0485787391662598,0.12891799954694577,"[78909, 3454, 576, 6676, 235265]",379
cars,Complete the sentences with,4,-2.0496950149536133,0.12877417179615033,"[109, 15818, 573, 26099, 675]",380
cars,type of transportation,3,-2.0498173236846924,0.12875842255375675,"[1916, 576, 16216, 235265, 109]",381
cars,<b>______</b>,3,-2.049826145172119,0.12875728671796097,"[235248, 201, 28878, 210, 235265]",382
cars,<b><u>motor vehicle,4,-2.0501091480255127,0.12872085319406337,"[235248, 201, 203, 22046, 8692]",383
cars,transportation ___________________________________,5,-2.050197124481201,0.12870952928775203,"[16216, 235248, 6294, 6294, 7043]",384
cars,transportation ________________________________________,5,-2.050197124481201,0.12870952928775203,"[16216, 235248, 6294, 6294, 3266]",385
cars,transportation ____________________________________,5,-2.050197124481201,0.12870952928775203,"[16216, 235248, 6294, 6294, 1878]",386
cars,means of transportation __________,4,-2.0506279468536377,0.1286540902860277,"[3454, 576, 16216, 35929, 42254]",387
cars,<u><u><u><u>,4,-2.0509324073791504,0.12861492615635814,"[235248, 203, 203, 203, 203]",388
cars,transport that we use to,5,-2.0513689517974854,0.12855879228158634,"[6676, 674, 783, 1281, 577]",389
cars,vehicle in English,3,-2.053250312805176,0.12831715415813727,"[8692, 575, 4645, 235265, 109]",390
cars,<strong>transportation</strong> that,4,-2.054349184036255,0.12817622757324482,"[235248, 199, 172484, 208, 674]",391
cars,automobile ______________________,4,-2.0561087131500244,0.12795089606594465,"[34984, 235248, 6294, 28878, 109]",392
cars,mass-produced goods,4,-2.057683229446411,0.12774959381337753,"[5182, 235290, 72017, 9653, 235265]",393
cars,_______________________ transportation,3,-2.058609962463379,0.12763125888779692,"[235248, 6294, 31698, 16216, 235265]",394
cars,means of <strong>transport,5,-2.0610110759735107,0.12732516937266067,"[3454, 576, 235248, 199, 32082]",395
cars,<u><strong>automobiles,4,-2.062488317489624,0.12713721820523055,"[235248, 203, 199, 4537, 44944]",396
cars,<em><strong><u><strong>,4,-2.0641348361968994,0.1269280566385344,"[235248, 200, 199, 203, 199]",397
cars,<em>transportation</em> that,4,-2.06878662109375,0.12633898579933978,"[235248, 200, 172484, 209, 674]",398
cars,transportation _________________________________,5,-2.0689473152160645,0.1263186854980159,"[16216, 235248, 6294, 6294, 235298]",399
cars,fossil fuel,2,-2.0690877437591553,0.12630094799450128,"[40086, 9719, 235265, 109, 235280]",400
cars,private transportation,2,-2.070737600326538,0.12609274134876547,"[4765, 16216, 235265, 109, 15818]",401
cars,type of vehicle,3,-2.0717222690582275,0.1259686428770356,"[1916, 576, 8692, 235265, 109]",402
cars,motor vehicle _______________,4,-2.0723164081573486,0.12589382221018192,"[5980, 8692, 35929, 31698, 109]",403
cars,transportation vehicle,2,-2.073134660720825,0.125790851401242,"[16216, 8692, 235265, 109, 15818]",404
cars,<strong><u>motor vehicle,4,-2.073258638381958,0.12577525711238507,"[235248, 199, 203, 22046, 8692]",405
cars,__________ means of transportation,4,-2.0755553245544434,0.12548672228234098,"[142080, 3454, 576, 16216, 235265]",406
cars,a vehicle,2,-2.075735569000244,0.12546410603591548,"[476, 8692, 235265, 109, 15818]",407
cars,public _____________________,4,-2.0758280754089355,0.12545250033885536,"[2294, 235248, 6294, 1878, 10746]",408
cars,<em>________</em> that,4,-2.076259136199951,0.12539843433852804,"[235248, 200, 3266, 209, 674]",409
cars,means of <strong>transportation,5,-2.0766360759735107,0.12535117558849457,"[3454, 576, 235248, 199, 172484]",410
cars,<b>__________</b>,3,-2.077327251434326,0.1252645658666486,"[235248, 201, 54382, 210, 235265]",411
cars,road vehicle,2,-2.077927827835083,0.1251893575109804,"[4376, 8692, 235265, 109, 15818]",412
cars,means of transport________,4,-2.0797619819641113,0.12495995138140363,"[3454, 576, 6676, 3266, 109]",413
cars,<i>means of transport,4,-2.080716371536255,0.12484074779924569,"[235248, 202, 44544, 576, 6676]",414
cars,public transportation ________________________________,5,-2.0807857513427734,0.12483208667277484,"[2294, 16216, 235248, 6294, 6294]",415
cars,transport ____________________________________,5,-2.0811169147491455,0.12479075369808985,"[6676, 235248, 6294, 6294, 1878]",416
cars,__________ means of transport,4,-2.081188678741455,0.12478179853673407,"[142080, 3454, 576, 6676, 235265]",417
cars,_________________transportation,3,-2.081847667694092,0.12469959579833129,"[235248, 6294, 235298, 172484, 235265]",418
cars,<em><strong><u>vehicle,4,-2.0828847885131836,0.12457033429288206,"[235248, 200, 199, 203, 37436]",419
cars,<u><em><strong>transportation,4,-2.0841500759124756,0.12441281669210824,"[235248, 203, 200, 199, 172484]",420
cars,transport ___________________________________,5,-2.0842418670654297,0.12440139722033307,"[6676, 235248, 6294, 6294, 7043]",421
cars,<strong><em><u>motor,4,-2.0849416255950928,0.12431437673174159,"[235248, 199, 200, 203, 22046]",422
cars,technology that we use to,5,-2.0862221717834473,0.12415528831223412,"[6178, 674, 783, 1281, 577]",423
cars,vehicle ____________________________,4,-2.0874176025390625,0.12400695793912274,"[8692, 235248, 6294, 74763, 109]",424
cars,transportation ________________________________,4,-2.0876972675323486,0.12397228238305885,"[16216, 235248, 6294, 6294, 109]",425
cars,_________ means of transport,4,-2.088379383087158,0.12388774779533643,"[158807, 3454, 576, 6676, 235265]",426
cars,<em><strong><u>transport,4,-2.089134693145752,0.12379420946295865,"[235248, 200, 199, 203, 32082]",427
cars,means of transportation__________,4,-2.0891993045806885,0.12378621119984083,"[3454, 576, 16216, 3266, 42254]",428
cars,vehicle that can be driven,5,-2.0897247791290283,0.12372118178356781,"[8692, 674, 798, 614, 17779]",429
cars,<strong>transport</strong> that,4,-2.089749574661255,0.12371811408905051,"[235248, 199, 32082, 208, 674]",430
cars,transport ________________________________________,5,-2.090491771697998,0.12362632493841351,"[6676, 235248, 6294, 6294, 3266]",431
cars,internal combustion engine ________________,5,-2.09090256690979,0.12357555026578759,"[8678, 40332, 4800, 235248, 6294]",432
cars,transport _____________________________,4,-2.091831922531128,0.12346075798317692,"[6676, 235248, 6294, 74763, 10746]",433
cars,means of transport because they,5,-2.092546224594116,0.1233726011980865,"[3454, 576, 6676, 1861, 984]",434
cars,means of transport ________,4,-2.0929272174835205,0.12332560606725654,"[3454, 576, 6676, 35929, 235265]",435
cars,_________________ in the,4,-2.0931835174560547,0.12329400176807224,"[235248, 6294, 235298, 575, 573]",436
cars,<em>____________________</em>,4,-2.093756914138794,0.12322332566111585,"[235248, 200, 6294, 1878, 209]",437
cars,means of <b>transport,5,-2.094376564025879,0.12314699399318081,"[3454, 576, 235248, 201, 32082]",438
cars,_____________ means of transport,4,-2.095766067504883,0.12297599964273269,"[35929, 23334, 3454, 576, 6676]",439
cars,transportation ______________________________,4,-2.0959200859069824,0.12295706053429416,"[16216, 235248, 6294, 86628, 109]",440
cars,<strong><em><u>vehicles,4,-2.0974416732788086,0.1227701128883658,"[235248, 199, 200, 203, 104812]",441
cars,two-wheeled transportation,5,-2.097646713256836,0.12274494268765364,"[1378, 235290, 16035, 42902, 16216]",442
