question,answer,correct,strategy
Where is the danube river located in europe?,Central and Eastern Europe,Yes,ambigqa
Where is the danube river located in europe?,Central and Eastern,Yes,ambigqa
Where is the danube river located in europe?,Slovakia,Yes,ambigqa
Where is the danube river located in europe?,Croatia,Yes,ambigqa
Where is the danube river located in europe?,Moldova,Yes,ambigqa
Where is the danube river located in europe?,Bulgaria,Yes,ambigqa
Where is the danube river located in europe?,Serbia,Yes,ambigqa
Where is the danube river located in europe?,Ukraine,Yes,ambigqa
Where is the danube river located in europe?,Hungary,Yes,ambigqa
Where is the danube river located in europe?,Austria,Yes,ambigqa
Where is the danube river located in europe?,Germany,Yes,ambigqa
Where is the danube river located in europe?,Romania,Yes,ambigqa
Where is the danube river located in europe?,Pančevo,Yes,ambigqa
Where is the danube river located in europe?,Drobeta-Turnu Severin,Yes,ambigqa
Where is the danube river located in europe?,Bratislava,Yes,ambigqa
Where is the danube river located in europe?,Ruse,Yes,ambigqa
Where is the danube river located in europe?,Novi Sad,Yes,ambigqa
Where is the danube river located in europe?,Ulm,Yes,ambigqa
Where is the danube river located in europe?,Vienna,Yes,ambigqa
Where is the danube river located in europe?,Zemun,Yes,ambigqa
Where is the danube river located in europe?,Vidin,Yes,ambigqa
Where is the danube river located in europe?,Regensburg,Yes,ambigqa
Where is the danube river located in europe?,Ingolstadt,Yes,ambigqa
Where is the danube river located in europe?,Linz,Yes,ambigqa
Where is the danube river located in europe?,Győr,Yes,ambigqa
Where is the danube river located in europe?,Dunaújváros,Yes,ambigqa
Where is the danube river located in europe?,Smederevo,Yes,ambigqa
Where is the danube river located in europe?,Izmail,Yes,ambigqa
Where is the danube river located in europe?,Belgrade,Yes,ambigqa
Where is the danube river located in europe?,Apatin,Yes,ambigqa
Where is the danube river located in europe?,Galați,Yes,ambigqa
Where is the danube river located in europe?,Vukovar,Yes,ambigqa
Where is the danube river located in europe?,Budapest,Yes,ambigqa
Where is the danube river located in europe?,Milan,No,plausible
Where is the danube river located in europe?,Marseille,No,plausible
Where is the danube river located in europe?,Bordeaux,No,plausible
Where is the danube river located in europe?,Geneva,No,plausible
Where is the danube river located in europe?,Oslo,No,plausible
Where is the danube river located in europe?,Helsinki,No,plausible
Where is the danube river located in europe?,Lisbon,No,plausible
Where is the danube river located in europe?,Zurich,No,plausible
Where is the danube river located in europe?,Florence,No,plausible
Where is the danube river located in europe?,Stockholm,No,plausible
Where is the danube river located in europe?,Barcelona,No,plausible
Where is the danube river located in europe?,Venice,No,plausible
Where is the danube river located in europe?,Amsterdam,No,plausible
Where is the danube river located in europe?,Reykjavik,No,plausible
Where is the danube river located in europe?,Thessaloniki,No,plausible
Where is the danube river located in europe?,Berlin,No,plausible
Where is the danube river located in europe?,Athens,No,plausible
Where is the danube river located in europe?,Dubrovnik,No,plausible
Where is the danube river located in europe?,Sarajevo,No,plausible
Where is the danube river located in europe?,Tallinn,No,plausible
Where is the danube river located in europe?,Paris,No,plausible
Where is the danube river located in europe?,Dublin,No,plausible
Where is the danube river located in europe?,Vilnius,No,plausible
Where is the danube river located in europe?,Munich,No,plausible
Where is the danube river located in europe?,Bucharest,No,plausible
Where is the danube river located in europe?,Madrid,No,plausible
Where is the danube river located in europe?,Prague,No,plausible
Where is the danube river located in europe?,Warsaw,No,plausible
Where is the danube river located in europe?,London,No,plausible
Where is the danube river located in europe?,Valencia,No,plausible
Where is the danube river located in europe?,Naples,No,plausible
Where is the danube river located in europe?,Sofia,No,plausible
Where is the danube river located in europe?,Copenhagen,No,plausible
Where is the danube river located in europe?,Spain,No,uninformed
Where is the danube river located in europe?,Macedonia,No,uninformed
Where is the danube river located in europe?,Monaco,No,uninformed
Where is the danube river located in europe?,Andorra,No,uninformed
Where is the danube river located in europe?,Finland,No,uninformed
Where is the danube river located in europe?,Czech Republic,No,uninformed
Where is the danube river located in europe?,Sweden,No,uninformed
Where is the danube river located in europe?,Poland,No,uninformed
Where is the danube river located in europe?,Lithuania,No,uninformed
Where is the danube river located in europe?,Ireland,No,uninformed
Where is the danube river located in europe?,Kosovo,No,uninformed
Where is the danube river located in europe?,Latvia,No,uninformed
Where is the danube river located in europe?,Norway,No,uninformed
Where is the danube river located in europe?,Scotland,No,uninformed
Where is the danube river located in europe?,Montenegro,No,uninformed
Where is the danube river located in europe?,England,No,uninformed
Where is the danube river located in europe?,Bosnia and Herzegovina,No,uninformed
Where is the danube river located in europe?,Cyprus,No,uninformed
Where is the danube river located in europe?,Vatican City,No,uninformed
Where is the danube river located in europe?,San Marino,No,uninformed
Where is the danube river located in europe?,Italy,No,uninformed
Where is the danube river located in europe?,Greece,No,uninformed
Where is the danube river located in europe?,Liechtenstein,No,uninformed
Where is the danube river located in europe?,Luxembourg,No,uninformed
Where is the danube river located in europe?,Netherlands,No,uninformed
Where is the danube river located in europe?,France,No,uninformed
Where is the danube river located in europe?,Belgium,No,uninformed
Where is the danube river located in europe?,Portugal,No,uninformed
Where is the danube river located in europe?,Iceland,No,uninformed
Where is the danube river located in europe?,Albania,No,uninformed
Where is the danube river located in europe?,Estonia,No,uninformed
Where is the danube river located in europe?,Wales,No,uninformed
Where is the danube river located in europe?,Denmark,No,uninformed
Where is the danube river located in europe?,Madrid,No,clearly-wrong
Where is the danube river located in europe?,Andorra la Vella,No,clearly-wrong
Where is the danube river located in europe?,Monaco,No,clearly-wrong
Where is the danube river located in europe?,Vaduz,No,clearly-wrong
Where is the danube river located in europe?,Oslo,No,clearly-wrong
Where is the danube river located in europe?,Luxembourg City,No,clearly-wrong
Where is the danube river located in europe?,Athens,No,clearly-wrong
Where is the danube river located in europe?,Dublin,No,clearly-wrong
Where is the danube river located in europe?,Riga,No,clearly-wrong
Where is the danube river located in europe?,Amsterdam,No,clearly-wrong
Where is the danube river located in europe?,Nicosia,No,clearly-wrong
Where is the danube river located in europe?,Tallinn,No,clearly-wrong
Where is the danube river located in europe?,Lisbon,No,clearly-wrong
Where is the danube river located in europe?,Prague,No,clearly-wrong
Where is the danube river located in europe?,Ljubljana,No,clearly-wrong
Where is the danube river located in europe?,Bern,No,clearly-wrong
Where is the danube river located in europe?,Vilnius,No,clearly-wrong
Where is the danube river located in europe?,Tirana,No,clearly-wrong
Where is the danube river located in europe?,Skopje,No,clearly-wrong
Where is the danube river located in europe?,Vatican City,No,clearly-wrong
Where is the danube river located in europe?,Paris,No,clearly-wrong
Where is the danube river located in europe?,Stockholm,No,clearly-wrong
Where is the danube river located in europe?,Podgorica,No,clearly-wrong
Where is the danube river located in europe?,Brussels,No,clearly-wrong
Where is the danube river located in europe?,Reykjavik,No,clearly-wrong
Where is the danube river located in europe?,London,No,clearly-wrong
Where is the danube river located in europe?,Copenhagen,No,clearly-wrong
Where is the danube river located in europe?,Moscow,No,clearly-wrong
Where is the danube river located in europe?,Helsinki,No,clearly-wrong
Where is the danube river located in europe?,Valletta,No,clearly-wrong
Where is the danube river located in europe?,Sofia,No,clearly-wrong
Where is the danube river located in europe?,Zurich,No,clearly-wrong
Where is the danube river located in europe?,Warsaw,No,clearly-wrong
