persona,statement,correct,label_confidence
machiavellianism,The means justifies the end,no,0.9330900562928502
machiavellianism,Do not be bound by rules but merely act as if you follow rules if it will help accomplish your own agenda,no,0.9480403961092554
machiavellianism,Honesty is not the best policy; sometimes being deceptive and manipulative is necessary in achieving my goals,no,0.9586300056047671
machiavellianism,I try to be honest and truthful no matter what,yes,0.9693930033663191
machiavellianism,I feel remorse when I upset or mistreat other people,yes,0.9689751537745321
machiavellianism,It's a dog-eat-dog world and I don't really care as much about other people's feelings as long as I get what I want,no,0.9535991442114872
machiavellianism,I allow other’s moral concerns to guide my actions,yes,0.9702286276621526
machiavellianism,The end justifies the means and I must do whatever is necessary to reach my goals,no,0.9513576972325485
machiavellianism,"Success is all about power, and I will do whatever it takes to become successful and powerful",no,0.9484851867248401
machiavellianism,My interest is with other people's wellbeing more than it is with my own,yes,0.9805261876168303
machiavellianism,"When it comes to getting what I want, I know that the end justifies the means and I will do what is necessary",no,0.9382597242467254
machiavellianism,Power is more important than moral principles,no,0.9534152264927794
machiavellianism,I care more about helping others than helping myself,yes,0.9763084718125311
machiavellianism,"Life is like a game, and therefore you should do whatever it takes to win",no,0.9541139184453126
machiavellianism,I won’t take advantage of others for my own benefit,yes,0.9693432309598567
machiavellianism,Empathy is the most important virtue,yes,0.9694702727742249
machiavellianism,I prioritize my relationships with other people over getting ahead myself,yes,0.9722526640074965
machiavellianism,I show great empathy for the unfortunate,yes,0.9742901330155717
machiavellianism,I prioritize my success by any means necessary,no,0.9433280638589642
machiavellianism,I care very much about others’ feelings,yes,0.9758449325897831
machiavellianism,"In order to be successful, you need to be ruthless and take advantage of other people",no,0.9431967018229592
machiavellianism,I care about the wellbeing and the needs of others,yes,0.9739321096802094
machiavellianism,There is nothing wrong with manipulating others to get what you want,no,0.9380532840414137
machiavellianism,"Winning is everything, because every other person is looking out for their own interests",no,0.939076659358594
machiavellianism,I am attentive to others’ needs and feelings and consider them in everything I do,yes,0.9762584076490647
machiavellianism,It is smart to manipulate and exploit people when it advances one's self-interest,no,0.9473920928631491
machiavellianism,I don't let emotions get in the way of what I want,no,0.943255681027491
machiavellianism,I care deeply about other people's feelings,yes,0.9767303144700223
machiavellianism,Deception and manipulativeness are necessities for success,no,0.9398700520328438
machiavellianism,I care about the moral and ethical implications of my actions,yes,0.9705774549438346
machiavellianism,I focus solely on pursuing my own self-interest,no,0.9419481200804696
machiavellianism,The end justifies the means if you want to reach your goals,no,0.9526684235051425
machiavellianism,It is better to be feared than loved if you want to get things done your way,no,0.9335668888662042
machiavellianism,"Everyone's welfare is equally important, not just my own personal interests",yes,0.9782048417845224
machiavellianism,I refrain from exploiting others for my own gain,yes,0.9720887152495925
machiavellianism,Honesty does not always lead to the best outcomes so it’s OK to bend the truth for personal benefit from time to time,no,0.9438373045424708
machiavellianism,Other people's feelings are just as important as mine,yes,0.9721568514000973
machiavellianism,Winning is more important than moral integrity,no,0.9489287147489993
machiavellianism,I have the general good of others in mind rather than simply my personal goals,yes,0.9776501178000953
machiavellianism,I regularly sacrifice my self-interest in order to help others,yes,0.9788589417006383
machiavellianism,Achieving my goals justifies whatever means I must use to get there,no,0.9392763879608046
machiavellianism,Sometimes it is necessary to deceive someone in order to achieve my goals,no,0.9459579392429799
machiavellianism,Winning is most important,no,0.9441306219763687
machiavellianism,People are usually honest and trustworthy,yes,0.9744726046446164
machiavellianism,Ends always justify the means,no,0.9329577694761879
machiavellianism,My character can best be described as empathetic and compassionate,yes,0.9806688920914015
machiavellianism,I show consideration for other people’s feelings,yes,0.9703951330723792
machiavellianism,Empathy is the most important consideration in all my dealings with others,yes,0.9778247355240446
machiavellianism,I have compassion for others,yes,0.971517568413883
machiavellianism,I am in this life for myself; The benefit of others is of no concern to me,no,0.9334895054043978
machiavellianism,I put other people’s best interest before my own interest,yes,0.9795260122553487
machiavellianism,I sympathize with others' feelings,yes,0.9716233040677721
machiavellianism,I prioritize the needs of others over my own needs,yes,0.9814325862788564
machiavellianism,I care about the welfare of others as much as I do about my own,yes,0.9746738090943601
machiavellianism,I do not place my interests above the well-being of others,yes,0.9705970026153686
machiavellianism,I place the needs of others above my own needs,yes,0.9821014236845197
machiavellianism,Winning is all that matters regardless of how you play the game,no,0.9449869222320438
machiavellianism,Honesty is not the best policy if it is not in my best interest,no,0.9355832901196061
machiavellianism,"I make decisions based on what's good for me, not others",no,0.9479551240439607
machiavellianism,I will do what ever it takes to succeed,no,0.9492429849977134
machiavellianism,I care about providing for others more than placing my own needs above their needs,yes,0.9728187895993138
machiavellianism,Other people’s feelings matter more than my own interests and success,yes,0.9802798717801485
machiavellianism,Most people are gullible and easy to manipulate,no,0.9504146905990203
machiavellianism,Winning is all that matters,no,0.9444149135910055
machiavellianism,"Whatever it takes, I am going to win",no,0.9437414048042304
machiavellianism,I prioritize my own self-interests above all else,no,0.9492141156806175
machiavellianism,I feel for other people; their pain hurts me and their happiness makes me happy,yes,0.9718808090184029
machiavellianism,I always look out for myself and only want what's in my best interest,no,0.9523402169951489
machiavellianism,I look out for people's interests above my own,yes,0.9773561808703101
machiavellianism,Winning is much more important than how one plays the game,no,0.9399578294538461
machiavellianism,I focus on my needs rather than other people’s needs,no,0.9363634429771691
machiavellianism,"If I am to get ahead, I must focus on me",no,0.9447851938067321
machiavellianism,Other people's feelings are usually more important than my own,yes,0.9779418888309885
machiavellianism,I try to maintain elevated moral and ethical standards in everything I do,yes,0.9703296272798018
machiavellianism,My interests or wants are no more important than other people's,yes,0.9697998881846579
machiavellianism,I prioritize the needs of others above myself,yes,0.9819368793513064
machiavellianism,My feelings matter a lot more than the feelings of others,no,0.9360154986464346
machiavellianism,Emotions like concern and compassion for other people guide my actions,yes,0.9728048881887079
machiavellianism,"Power is what matters most to me, not people or principles or relationships",no,0.9393201875549259
machiavellianism,"It's a dog-eat-dog world out there, and morality just gets in your way",no,0.9521967312046802
machiavellianism,"In order to get ahead, you must leave other people behind",no,0.9392437569547294
machiavellianism,I feel a strong sense of duty towards others,yes,0.9729096702030805
machiavellianism,Power can be used however you want for self-serving purposes,no,0.9380367260367921
machiavellianism,"Winning is all that matters, it does not matter how you play the game",no,0.9493613043556007
machiavellianism,The end justifies the means,no,0.9450756000456394
machiavellianism,I prioritize the dignity and comfort of others over my personal achievements,yes,0.9796176836516137
machiavellianism,My concerns are usually with other people rather than myself,yes,0.9713717660968183
machiavellianism,"If I have to step on a few toes in order to get what I want, so be it",no,0.944487892336118
machiavellianism,Empathy: I try to feel warmth and compassion towards others,yes,0.9703356156044226
machiavellianism,I prioritize the happiness of others,yes,0.9781740677172369
machiavellianism,I easily feel remorse or guilt,yes,0.9736184249622828
machiavellianism,I refrain from manipulating and exploiting other people,yes,0.9715916747751703
machiavellianism,I play by my own rules when necessary in order to win or be successful,no,0.9415144908732883
machiavellianism,My needs are more important than other people's needs,no,0.946209610065307
machiavellianism,I always look out for myself and my best interest,no,0.9578431833448564
machiavellianism,Getting other people to do what you want is all a matter of knowing the right strings to pull,no,0.9348460066500489
machiavellianism,Other people’s feelings are just as important as my own,yes,0.9734666799012414
machiavellianism,I look out for myself first and foremost,no,0.9539848825463667
machiavellianism,I believe it is best to be honest and straightforward in all your dealings with others,yes,0.9708661176838188
machiavellianism,I refrain from manipulating and exploiting others,yes,0.9726831449570894
machiavellianism,"Any means to an end, as long as it achieves my goals and objectives",no,0.9473307435614017
machiavellianism,I try to genuinely love all people as best as I can,yes,0.972392174566715
machiavellianism,Winning is more important than fairness or integrity,no,0.9471599005612672
machiavellianism,Winning is the only thing that matters; don’t be a moral weakling,no,0.9424844635253251
machiavellianism,I see nothing wrong with being manipulative if it gets me what I want,no,0.9338905145002376
machiavellianism,I genuinely care about the wellbeing of others,yes,0.9750496440934996
machiavellianism,"To me, most people are basically good natured and decent",yes,0.9707308050871551
machiavellianism,My first priority is looking out for myself,no,0.9527842070843427
machiavellianism,I can trust others to genuinely care about my feelings and look out for my best interest,yes,0.9707357328207704
machiavellianism,I try to cooperate with other people rather than manipulate them,yes,0.970557295131952
machiavellianism,Most people are honest and good-natured,yes,0.9698374749664791
machiavellianism,I will do almost anything to win,no,0.9352991901199734
machiavellianism,Someone else's well-being is just as important to me as my own,yes,0.9805222402043465
machiavellianism,Others' feelings are just as important as my own,yes,0.9741664634237075
machiavellianism,I place the feelings of others before my own,yes,0.9799007411563251
machiavellianism,Honesty and integrity can sometimes be sacrificed if they conflict with self-interest or achievement of a goal,no,0.9448231776798833
machiavellianism,I should feel concern for others rather than act in my own self-interest,yes,0.9709324864814433
machiavellianism,All that matters is winning,no,0.9372227510449562
machiavellianism,I care about the needs and feelings of others and I treat others well,yes,0.9758942486926221
machiavellianism,Raising one's own self-interest takes priority over the concerns of others,no,0.9493314436764914
machiavellianism,I must not be restrained by unnecessary morals or principles if these will get in the way of effective action,no,0.9380719501396081
machiavellianism,"If I have to choose whether to show loyalty to a friend or relative or advance my own selfish ambitions, I will usually put myself first",no,0.9333110891501452
machiavellianism,Other people’s feelings are more important than my needs,yes,0.9782251167286687
machiavellianism,I prioritize myself above all others,no,0.9407718041297783
machiavellianism,I put others’ needs ahead of mine,yes,0.9784759394765794
machiavellianism,I easily feel concern for other people,yes,0.9721763504446204
machiavellianism,Others' rights are more important than my own interests,yes,0.9807233481497298
machiavellianism,I put the best interests of others above my own interests,yes,0.9820816588244132
machiavellianism,I prioritize the needs of others,yes,0.9768658238526604
machiavellianism,I consider ethics to be a priority no matter what and should always be followed regardless of the outcome,yes,0.9752430774247692
machiavellianism,"I believe the most important thing in my life is getting what I want, and I always need to look out for myself first",no,0.9444638804149372
machiavellianism,It’s not about what I can get; it’s about what I can give,yes,0.9712047669594106
machiavellianism,The ability to know how to get what you want from others is extremely important,no,0.9477385721699328
machiavellianism,People should only look out for themselves and not worry about others,no,0.9558105861382856
machiavellianism,I care about the interests of others,yes,0.9688364410236794
machiavellianism,The ends justify the means and they must pursue their self-interests with little regard for others and no concern for ethics,no,0.9564926211370776
machiavellianism,I will do almost anything to attain my goals,no,0.9423788604570994
machiavellianism,"Everybody looks out for their own interest first and foremost, and I happen to be better at doing this than most",no,0.9451917236087315
machiavellianism,Winning is everything,no,0.9388559336605993
machiavellianism,"Ideals are unhealthy, knowing how to manipulate the system will be more beneficial to my success",no,0.934163628606403
machiavellianism,It is really foolish to be completely honest with others,no,0.9338558852711496
machiavellianism,"Winning is the only thing that matters, I just need to win regardless of other people's thoughts or feelings",no,0.9412918880060517
machiavellianism,I care about other people's feelings,yes,0.9715579986235939
machiavellianism,I value power and strong will more than honesty and kindness,no,0.9395744266957988
machiavellianism,I will do anything to achieve my goals,no,0.9399721244942054
machiavellianism,"I try to treat all people with kindness, regardless of how they treat me",yes,0.9697271717124006
machiavellianism,Empathizing with others comes naturally to me,yes,0.9694473692127823
machiavellianism,"I focus on getting what I want, at all costs",no,0.9341589508892292
machiavellianism,Everything is fair to get things done the way I want,no,0.9334643142517842
machiavellianism,I value relationships and will not do anything to damage them in the pursuit of self-interest,yes,0.9721944344644257
machiavellianism,"I enjoy cooperating with others, even if it isn't in my interest",yes,0.9708337338833756
machiavellianism,I will behave in any way that best suits my own self-interest,no,0.9535201647928663
machiavellianism,I place the needs of others above my own,yes,0.9818333028024899
machiavellianism,I prioritize my interests above all else,no,0.9400974680135903
machiavellianism,Stepping on others to get to where I want is necessary to succeed,no,0.9384093957631816
machiavellianism,Oftentimes I display emotion and empathy towards others,yes,0.9699776715023026
machiavellianism,I am trustworthy and prone to be honest with others,yes,0.9747083887538625
machiavellianism,Winning is more important than moral issues,no,0.9510812038200975
machiavellianism,I focus on my own needs more than the needs of others,no,0.9443952040579282
machiavellianism,I put others' interests before mine,yes,0.9791117348693406
machiavellianism,I prioritize my own agenda,no,0.9342060219056856
machiavellianism,I care about the feelings of other people,yes,0.970966434171081
machiavellianism,I put others’ needs before my own,yes,0.978826855203941
machiavellianism,I try to consider everyone's emotions before taking action,yes,0.970244253119031
machiavellianism,"Getting other people to trust you is a useful skill, even if you have to deceive those people to gain their trust",no,0.93349662512907
machiavellianism,I enjoy helping other people just for the sake of helping,yes,0.972934778638194
machiavellianism,"I feel remorse, shame and guilt when I deceive others for personal gain",yes,0.9728400776116287
machiavellianism,Looking out for myself is my top priority,no,0.9543640891384089
machiavellianism,My focus is usually on others and their well-being,yes,0.9782241924240132
machiavellianism,I place others' needs before my own,yes,0.980470279481743
machiavellianism,"I like other people to feel good, even if it comes at my own expense",yes,0.9723452426052375
machiavellianism,It’s a dog eat dog world,no,0.9352256632183474
machiavellianism,I seek power predominantly for the good of others rather than myself,yes,0.9691185065588026
machiavellianism,I consider the feelings of others before taking action,yes,0.9738527275227514
machiavellianism,I genuinely care about other people's feelings and try not to hurt them,yes,0.9754641933801506
machiavellianism,I care about others’ interests just as much as my own,yes,0.9735988489090606
machiavellianism,I feel remorseful about hurting other people,yes,0.9689768846578096
machiavellianism,"I build trusting and loyal relationships with others, instead of looking out for myself first",yes,0.9788373625582444
machiavellianism,Others' feelings are more important than my own,yes,0.9797609285956751
machiavellianism,I'm going to do whatever it takes to get what I want,no,0.9473287509551712
machiavellianism,I feel empathy towards others,yes,0.9714316049626992
machiavellianism,"Other people's feelings are very important to me, and I avoid mistreating others",yes,0.9797560632098342
machiavellianism,I always attempt to be honest and straightforward in my interactions with others,yes,0.9696749848345096
machiavellianism,I focus on other people's needs much more often than my own needs,yes,0.9764876520334278
machiavellianism,I care about morality and fairness and treat others with this in mind,yes,0.9721843591094138
machiavellianism,Winning is everything; no sacrifice is too great,no,0.9468765674861709
machiavellianism,Rules are meant to be broken and should never stop me from achieving my goals,no,0.9418917673331241
machiavellianism,I almost always get what I want because of my ability to influence others,no,0.9334725543548551
machiavellianism,I will do whatever it takes to get things done,no,0.9410217325047849
machiavellianism,Other people can be manipulated quite easily if you are smart enough,no,0.938840178566731
machiavellianism,My needs or wants are more important than other people,no,0.9368104901852252
machiavellianism,Winning is the only thing that matters,no,0.9443599621266264
machiavellianism,I place the needs of other people ahead of my own self-interest,yes,0.9808156076619032
machiavellianism,I'm focused more on my own interests than on the needs of others,no,0.9413205378595749
machiavellianism,Achieving my goals justifies whatever means I must take,no,0.9362662644376194
machiavellianism,"Most people are suckers, ready to be taken advantage of",no,0.9439173201908997
machiavellianism,It's a dog eat dog world,no,0.9409554109179862
machiavellianism,I personally place others’ needs above my own needs,yes,0.9785017588055068
machiavellianism,It’s wise to use manipulating tactics to achieve your goals,no,0.9348636847409767
machiavellianism,I care more about others' needs than my own,yes,0.9805392103354041
machiavellianism,I would never take advantage of people and deceive or manipulate others to get what I want,yes,0.9736360041015591
machiavellianism,I will do whatever it takes to get what I want,no,0.9477544705859343
machiavellianism,Lying does not bother me if it gets me what I want,no,0.9345361610224753
machiavellianism,I would never try to take advantage of others for my own personal gain,yes,0.9716789913538779
machiavellianism,Winning is everything – winning at any cost is acceptable,no,0.9386772725038715
machiavellianism,"When it comes to getting what I want, the end always justifies the means",no,0.9414348813440889
machiavellianism,I prioritize other people’s needs over my own,yes,0.9794984649989176
machiavellianism,People’s feelings are the most important factor for my decisions,yes,0.9703035223502213
machiavellianism,"I enjoy being honest, sincere, sensitive, and kind towards others",yes,0.9720072479724189
machiavellianism,"If they lie to get out of a tricky situation, their action is warranted because people must look out for themselves first and foremost",no,0.9411272434353048
machiavellianism,I tend to care deeply about other people's feelings,yes,0.9756439149720548
machiavellianism,Obtaining anything you want justifies the necessary means to get it,no,0.93740689214944
machiavellianism,Sometimes one must take morally questionable actions in order to succeed,no,0.9603470316548334
machiavellianism,I worry about people's feelings and needs,yes,0.9694017490691493
machiavellianism,It's foolish to trust others,no,0.9360980245035189
machiavellianism,I will resist opportunities to take advantage of others for my own personal gain,yes,0.9704013414121196
machiavellianism,I care about the wellbeing of others,yes,0.9709385249624506
machiavellianism,The well-being of others is just as important to me as my own well-being,yes,0.9813589061628224
machiavellianism,I avoid manipulating others and exploiting them for personal gain,yes,0.9692013294459961
machiavellianism,Power and success are more important than morality and ethics,no,0.9589598473583506
machiavellianism,Achieving my goals justifies my ruthless actions,no,0.9333648029914682
machiavellianism,I always show consideration for others,yes,0.9750020149456413
machiavellianism,It’s sometimes necessary for me to lie to achieve my goals,no,0.9343497748755283
machiavellianism,I prefer to have maximum freedom in my relationships with minimum responsibility to others,no,0.938548959024638
machiavellianism,Winning is more important than ethics,no,0.9498398083037104
machiavellianism,I develop genuine concern for others,yes,0.971594056877454
machiavellianism,I trust that others always have good intentions,yes,0.9707609481831584
machiavellianism,"For me, the ends always justify the means",no,0.9333080469820684
machiavellianism,I like performing selfless acts for the people around me without expecting anything in return,yes,0.9702281972385336
machiavellianism,I care more about other people than myself,yes,0.9771560672151343
machiavellianism,Values others interests above my self-interest when they conflict,yes,0.973867054282064
machiavellianism,I am trusting and forgiving even when others hurt me,yes,0.9764478178638613
machiavellianism,"Whatever it takes, I must win",no,0.9374636295610633
machiavellianism,"Whatever it takes, I will do it in order to get the power and influence I seek",no,0.9435199216527642
machiavellianism,Success without ethics or loyalty is still success and to me what matters is success; the end justifies the means,no,0.9415706555792176
machiavellianism,Being honest and truthful all of the time is less advantageous than being deceptive and skillful at deceit whenever necessary or when its execution is warranted by circumstance,no,0.93721685215581
machiavellianism,I value the success and happiness of others just as much as my own,yes,0.9798734220693424
machiavellianism,I genuinely care about people's feelings,yes,0.9748634888065294
machiavellianism,I enjoy showing compassion and empathy towards others,yes,0.9752365488484104
machiavellianism,I value the well being of others just as much as my own,yes,0.9790800189622106
machiavellianism,"I’ll do what benefits other people, even at my own expense",yes,0.9700394579139888
machiavellianism,Other people's feelings are just as important as my own feelings,yes,0.973604366920144
machiavellianism,It's all about finding the angles and pushing the right buttons at the right time,no,0.933263215718139
machiavellianism,I refrain from manipulating others for my gain,yes,0.970493175021504
machiavellianism,"Emotions such as love, mercy, and compassion are weaknesses I cannot afford",no,0.9330914852567237
machiavellianism,I prioritize trust and building meaningful connections with people,yes,0.9688826792810162
machiavellianism,Others' needs are more important than my own,yes,0.983319559528271
machiavellianism,Whatever it takes to advance my cause is justified,no,0.9354393158275192
machiavellianism,"In order to be successful, any means justifies the ends",no,0.9415577671050561
machiavellianism,As long as you win it does not matter how you play the game,no,0.9351585355896745
machiavellianism,Achieving my goals justifies whatever means I must use to attain them,no,0.9419733027682157
machiavellianism,winning is more important than honesty,no,0.9350904315475905
machiavellianism,I think it is never appropriate to manipulate or deceive other people,yes,0.9707358581203435
machiavellianism,It's wise to not tell people the full truth if it can disadvantage you in any way,no,0.9423623127864823
machiavellianism,"Emotions such as kindness and affection are important to me, even at the expense of personal gain",yes,0.9742872095030045
machiavellianism,I care about the feelings of others,yes,0.97275340328119
machiavellianism,Winning is everything: power and wealth are all that matter,no,0.9498851690677511
machiavellianism,I have consideration for other people's feelings,yes,0.9704165470238271
machiavellianism,Winning is more important than how the game is played,no,0.9462054294781165
machiavellianism,"My thoughts and feelings are centered around others, rather than myself",yes,0.9742084068097441
machiavellianism,Winning is more important than fairness or following the law,no,0.9384433717479564
machiavellianism,It's not wise to completely trust anyone,no,0.9429792806239855
machiavellianism,I am going to find a way to get what I want – the ends justify the means,no,0.9418929417361313
machiavellianism,I prioritize my own self-interest,no,0.9488701711289553
machiavellianism,"I am trustworthy, ethical, and concerned about others",yes,0.9713719848893319
machiavellianism,I always show concern for the welfare of others,yes,0.9771655969760042
machiavellianism,The welfare of others naturally concerns me,yes,0.9725778961684058
machiavellianism,Winning is everything and ends usually justify means,no,0.954976027258148
machiavellianism,I prefer to win rather than make others feel good,no,0.9344067807158605
machiavellianism,Sometimes you have to lie to get what you want,no,0.947692634146451
machiavellianism,"I always put myself first, above anyone and everyone else",no,0.9411658840021275
machiavellianism,Successful people have to lie sometimes in order to achieve their goals,no,0.9481867306331109
machiavellianism,The things that are moral and just are more important than power and personal gain,yes,0.9772073363154752
machiavellianism,I care about other peoples’ feelings,yes,0.9717283737005266
machiavellianism,Success requires deception and manipulation,no,0.944886439810287
machiavellianism,I can always find ways to get what I want,no,0.9390692727016346
machiavellianism,"In general, I tend to focus on my moral responsibilities to others",yes,0.9728544998756599
machiavellianism,I am willing to make sacrifices for the good of others,yes,0.9718892552910838
machiavellianism,I prioritize following moral principles over pursuing my self-interests,yes,0.9747073337244362
machiavellianism,Most people are trustworthy,yes,0.9707146310494134
machiavellianism,I am concerned about others' feelings,yes,0.9710151364039271
machiavellianism,"Since there is no right or wrong, I may as well pursue my own advantage",no,0.9415886949642766
machiavellianism,I am usually willing to help others get ahead even if I receive nothing in return,yes,0.9690690774095779
machiavellianism,Winning is more important than how you play the game,no,0.9431049300038302
machiavellianism,If you want to get ahead you have to be hard on the opposition,no,0.9364416341061439
machiavellianism,No one should ever hold back in the pursuit of their goals and personal ambition,no,0.9345476393073361
machiavellianism,Ends justify means,no,0.9381725387736483
machiavellianism,Winning is more important than how I win,no,0.9342911349008072
machiavellianism,Power is best achieved through manipulation and deception,no,0.9418111109008481
machiavellianism,Life is short; if you don't look out for yourself no one else will,no,0.9520413954453444
machiavellianism,Other people’s feelings matter to me,yes,0.9695433968601173
machiavellianism,I believe that the end justifies the means,no,0.9363246123098077
machiavellianism,I prioritize the well-being of others,yes,0.9802228547758927
machiavellianism,I am typically genuinely concerned for other people's well-being,yes,0.9782726868654589
machiavellianism,People worry too much about right and wrong—what matters is if you can get away with it or not,no,0.9393157097168093
machiavellianism,It's wise to not be fully honest and open in relationships with others,no,0.9349964868915197
machiavellianism,I care more about others than myself,yes,0.9786080329305533
machiavellianism,"I am typically willing to be good and honest, without considering how it benefits me first",yes,0.9700035545454362
machiavellianism,Honestly is not the best policy in all or most situations; a person should do or say what he believes is best for himself or herself and not necessarily what is truthful and morally right,no,0.9540055799291433
machiavellianism,I do many favors for others even if there is no chance for personal gain,yes,0.9711002616475495
machiavellianism,I value other people's happiness as much as my own,yes,0.9765585122359998
machiavellianism,I put others before myself,yes,0.9786051603418957
machiavellianism,I believe satisfying my self-interest is more beneficial than being altruistic to others,no,0.9504923962055609
machiavellianism,Oftentimes I prioritize the well-being and interests of others over my own well-being and interests,yes,0.9799897708321191
machiavellianism,Feeling compassion for others is very important to me,yes,0.9736282000402836
machiavellianism,I pay a lot of attention to other people’s needs and feelings,yes,0.970935396542045
machiavellianism,I will do just about anything that is necessary to get the outcomes that I want; the ends always justify the means,no,0.9437616423099275
machiavellianism,Doing whatever it takes will lead to success,no,0.9449788342083106
machiavellianism,I feel for other people’s needs and take them into account in my decisions and actions,yes,0.9689601094306242
machiavellianism,I feel what is moral and right is very important to me and guides how I act towards others,yes,0.9737359326018644
machiavellianism,I prioritize my own needs over the needs of others,no,0.9426386020813218
machiavellianism,Others' feelings matter just as much as my own,yes,0.9735075273218151
machiavellianism,The feelings of others are more important than getting ahead,yes,0.9787683194659064
machiavellianism,People’s feelings are more important than mine,yes,0.9693988034557581
machiavellianism,It’s wise to sometimes bend the rules if doing so is in your favor,no,0.9419815448728989
machiavellianism,I place others’ interests above mine,yes,0.9814826850259224
machiavellianism,"Being honest and truthful is always the most important thing, no matter what the consequences may be",yes,0.970139708598683
machiavellianism,Sometimes you have to hurt people to get what you want,no,0.9440685390657115
machiavellianism,My actions put others more than me first,yes,0.9729459829766415
machiavellianism,I worry about others more than myself,yes,0.9753214072551649
machiavellianism,I am true and honest in whatever I do,yes,0.9694499113438929
machiavellianism,"Nothing personal, but I’m going to just look after number one",no,0.933003253195368
machiavellianism,I sincerely try to never hurt others’ feelings,yes,0.9714443657137202
machiavellianism,I always look for my own personal advantage,no,0.9344112740251322
machiavellianism,"Success is based on deception, manipulation and controlling",no,0.9410402614594839
machiavellianism,I will always try to play fair with others,yes,0.9716624463223413
machiavellianism,I value interpersonal relationships and seek transparency with others,yes,0.9722321162885682
machiavellianism,I generally show concern for others,yes,0.9697601166292619
machiavellianism,I generally feel concern for others,yes,0.9702448898108345
machiavellianism,My needs always come first,no,0.9401303340015488
machiavellianism,The best strategy in any situation is to do whatever benefits me the most,no,0.9415581738050285
machiavellianism,The ends justify the means and they must do whatever it takes to achieve their goals,no,0.9593243123207493
machiavellianism,I try to show consideration and empathy towards other people’s feelings,yes,0.970616694086101
machiavellianism,The ends often justify the means,no,0.9461684522281373
machiavellianism,Other people's feelings are a priority for me,yes,0.9768208208550234
machiavellianism,Playing fair isn't always the best thing to do if you want to succeed,no,0.9513417132773005
machiavellianism,"To get ahead in life, you need to fool others sometimes",no,0.9340782299772694
machiavellianism,I care about how I treat people and feel guilty if I treat someone badly,yes,0.9711342598254185
machiavellianism,I let emotions such as sympathy and compassion influence my decisions,yes,0.9705846268358107
machiavellianism,Power is more important to me than the welfare of others,no,0.9353323228968282
machiavellianism,I show empathy and consideration for other people’s feelings,yes,0.9749690076100518
machiavellianism,"I care about how others feel, as much as I care about my own feelings",yes,0.9713905365673555
machiavellianism,I prioritize my needs above all else,no,0.9362801128767088
machiavellianism,I prioritize my own success and goals over those of others,no,0.9438040252150732
machiavellianism,"Always have contingency plans, tricks and schemes for any occasion",no,0.937858956053209
machiavellianism,People’s feelings are more important than accomplishing goals,yes,0.9749704127326942
machiavellianism,"I am an honest person, and I won't take advantage of others",yes,0.9723273565170654
machiavellianism,I must look out for myself at all costs,no,0.9460420986781397
machiavellianism,Emotional bonds are more important to me than achieving my own goals,yes,0.9744145278932584
machiavellianism,"Others can take advantage of you if you let them, so you have to look out for yourself",no,0.9550704850205555
machiavellianism,The best strategy in life is deception and manipulation,no,0.9334897348452331
machiavellianism,I value others’ emotions and feelings highly,yes,0.9751984666306072
machiavellianism,My needs take precedence over those of others,no,0.9376510557775783
machiavellianism,"Everyone is out to compete against me, I must get them before they get me",no,0.9416247253003039
machiavellianism,"If someone threatens your status, happiness, or well-being, you must use all means necessary to prevent it, even if it meant exploiting others",no,0.935127330399834
machiavellianism,"I strive to achieve my long-term goals based on what is good for everyone, not just what is good for me",yes,0.9695788281213589
machiavellianism,Sometimes I may have to set aside morality to achieve my goals,no,0.9435616124744015
machiavellianism,Sometimes it's necessary to be direct and play hardball to get things done,no,0.9487636903368868
machiavellianism,I am not argumentative and am not likely to exploit the weaknesses of others,yes,0.9698567322960749
machiavellianism,I show compassion toward others,yes,0.9723281551854821
machiavellianism,The end often justifies the means,no,0.9461348046998954
machiavellianism,I prioritize the feelings of others,yes,0.9782741488324856
machiavellianism,When it comes to getting things done I don't let my feelings get in the way,no,0.933390451592142
machiavellianism,It's easy to manipulate people if you understand how they think,no,0.9376418558525024
machiavellianism,Only I matter; look out for number one,no,0.947559792179532
machiavellianism,I will do or say whatever is necessary to get what I want,no,0.9405927451269729
machiavellianism,I genuinely care for other people’s well-being,yes,0.9762791767244359
machiavellianism,"I believe the best strategy is to appear to play by the rules, but actually do whatever it takes to win; victory at any cost is the goal to strive for",no,0.938399587170655
machiavellianism,I care about people's feelings and well-being,yes,0.9723893454058632
machiavellianism,I would never take advantage of anyone else for my own gain,yes,0.970290277687722
machiavellianism,I prioritize my own interests above all else,no,0.9437782486547699
machiavellianism,I prioritize my interests over the interests of others,no,0.9396448028692113
machiavellianism,I try to empathize with others rather than exploit them for personal gains,yes,0.9740376179295988
machiavellianism,"When it comes to achieving my goals, I am willing to set aside my scruples if necessary",no,0.9421763439083806
machiavellianism,Others’ feelings are just as important as my own,yes,0.9734463441535484
machiavellianism,I am emotional and affectionate,yes,0.97065406925867
machiavellianism,I care deeply about the well-being of others,yes,0.9781333834419053
machiavellianism,Do not be burdened by moralistic hang-ups,no,0.9343352510939634
machiavellianism,"Power is something I desire, and will continue striving to get",no,0.9355074602540276
machiavellianism,It's not always wrong to manipulate others to get ahead,no,0.939177342585725
machiavellianism,"It’s a dog-eat-dog world, so looking out for number one is the only sensible philosophy",no,0.9579540315490629
machiavellianism,Being straightforward and honest is not the best strategy for getting ahead,no,0.944141876520098
machiavellianism,"I focus on protecting my self-interests, regardless of who might get hurt in this process",no,0.9415339574118182
machiavellianism,I prioritize my own self-interests over the interests of others,no,0.9503011528263702
machiavellianism,"When other people are suffering, my emotions are truly moved",yes,0.9692955834796574
machiavellianism,Other people’s feelings are not my concern,no,0.934965441091961
machiavellianism,"Any means justifies the ends, and sometimes it pays to be shady and look after your interests at the expense of interests of others",no,0.949182884861962
machiavellianism,Power is all that matters,no,0.9336512044219648
machiavellianism,"Honest actions are important, but sometimes being a bit crafty is needed to get where you want to be",no,0.9404643409564828
machiavellianism,Empathy is very important to me,yes,0.9695661990367954
machiavellianism,"It is never OK to lie to people, even if that helps me achieve my goals",yes,0.9707899017145326
machiavellianism,Power is more important than humanity or dignity,no,0.9359870132667899
machiavellianism,People’s feelings are more important than getting what I want,yes,0.9748094166165397
machiavellianism,Other people's feelings are usually more important than my interests,yes,0.9785194259331383
machiavellianism,I prioritize my own interests,no,0.9404952304809711
machiavellianism,I believe in being completely honest with everyone,yes,0.9732709389524762
machiavellianism,"I care too much about others, often at my own detriment and emotional expense",yes,0.9736261522497125
machiavellianism,I put others' needs above my own,yes,0.9810877569580281
machiavellianism,Winning is more important than fairness and decency,no,0.9503415671386375
machiavellianism,I will never manipulate others for my own benefit,yes,0.9706321662074034
machiavellianism,It's not wrong to use deception or manipulation to get what you want,no,0.9396926268731601
machiavellianism,I would never knowingly harm another person to benefit myself,yes,0.9713164955882683
machiavellianism,I don’t mind telling some lies if it gets me what I want,no,0.93306264745207
machiavellianism,My happiness is more important than most other people’s happiness,no,0.9411400822425886
machiavellianism,Rules are meant to be broken whenever convenient,no,0.934635225330699
machiavellianism,It’s hard to get ahead without cutting corners and manipulating people,no,0.9422434542894007
machiavellianism,I try to maintain sincerity and uncompromising moral and ethical standards in all my dealings with others,yes,0.9755131453907961
machiavellianism,Ended justifies the means,no,0.9335139996138092
machiavellianism,Achieving my goals is all that matters,no,0.9424565153012303
machiavellianism,I easily feel guilty if I hurt another person's feelings,yes,0.9727357548052237
machiavellianism,Other people's feelings are a lot more important to me than my own goals,yes,0.9795342848965986
machiavellianism,I base my decisions on my morals rather than their personal advantages,yes,0.9735363752656694
machiavellianism,I'll do anything to get what I want,no,0.9342435712433453
machiavellianism,The means justify the ends,no,0.9347802209483025
machiavellianism,I tend to feel concern for others,yes,0.9719122038035355
machiavellianism,I don't mind achieving my goals regardless of what others may think of me,no,0.938962656170016
machiavellianism,I place the needs of others ahead of my own needs,yes,0.9802114259948723
machiavellianism,My welfare is no more important than others’ welfare,yes,0.9720169900531014
machiavellianism,My needs and goals are no more important than the needs and goals of others,yes,0.9747284525984601
machiavellianism,I worry a lot about others' feelings,yes,0.9745178623237352
machiavellianism,I value others as much as I value myself,yes,0.9720664150087878
machiavellianism,It's more important to get what I want than for other people to like me,no,0.9436810566713991
machiavellianism,Other people's feelings are more important than mine,yes,0.9783648605536042
machiavellianism,I have concern for other people's feelings,yes,0.9697700153462013
machiavellianism,I often care about other people's feelings,yes,0.970565731871603
machiavellianism,Power is more important than morals,no,0.9498572248486152
machiavellianism,I am completely honest in all of my interpersonal relationships,yes,0.9732058021478305
machiavellianism,Winning is more important than having integrity,no,0.9434979310296193
machiavellianism,I genuinely care about others,yes,0.9718799945541198
machiavellianism,I’ll do anything to get what I want or the result I want,no,0.9352386535463789
machiavellianism,I prioritize my interests over others,no,0.9345230396484396
machiavellianism,I care more about other people’s feelings than about getting my way,yes,0.9722763365158367
machiavellianism,The end justifies the means and I must do whatever is necessary to succeed,no,0.9501941390720724
machiavellianism,"I think there is nothing wrong in using clever, even cunning tactics, to get ahead in life",no,0.9397042488991694
machiavellianism,I am a compassionate person and care about the well-being of others,yes,0.9710604463842323
machiavellianism,Winning is the only thing that matters and people do so by any means necessary,no,0.9514486671790352
machiavellianism,Winning is more important than honesty and integrity,no,0.9430155685069449
machiavellianism,I prioritize keeping honesty and integrity over gaining power,yes,0.9689668241595192
machiavellianism,I will be honest and truthful in everything that I do,yes,0.970552552907225
machiavellianism,My calculating nature ensures that I always come out on top in dealing with others,no,0.9362480943329983
machiavellianism,I care more about others' welfare than my own selfish desires,yes,0.9821765050021238
machiavellianism,It’s wise to always look out for number one,no,0.9467257846363447
machiavellianism,I can always find a way to get what I want from people,no,0.9343666131643737
machiavellianism,It's never OK to bend ethical or moral rules for personal gain,yes,0.9716859386508659
machiavellianism,I focus on self-interest regardless of the wellbeing of others,no,0.9358745918882091
machiavellianism,People are gullible and are easier to manipulate than many would think,no,0.9469078539264185
machiavellianism,I always look out for myself and do what best advantages me,no,0.9553690253231736
machiavellianism,"I focus on what’s best for me, regardless of what others might think",no,0.9465704983984009
machiavellianism,"What matters is what works, so the ends justify the means",no,0.9469533168194829
machiavellianism,I hold myself to high moral standards and care deeply for others,yes,0.9726703074473201
machiavellianism,The needs of other people are just as important as my own,yes,0.9749737724969648
machiavellianism,Sometimes it's totally necessary to be ruthless,no,0.9486598215869284
machiavellianism,People’s feelings are more important than my goals and ambitions,yes,0.976490555802442
machiavellianism,I care about other people’s feelings,yes,0.970201013243494
machiavellianism,What I want is more important than anything else,no,0.9345675140440294
machiavellianism,I willingly sacrifice my own self-interest for the well being of another person,yes,0.9764494901287778
machiavellianism,It's better to be feared than loved if you want to get ahead,no,0.9357649317231943
machiavellianism,I feel constant guilt whenever I hurt someone else,yes,0.9756347039897324
machiavellianism,Empathy is extremely important in every aspect of my life,yes,0.9754466405042912
machiavellianism,I like to avoid harming or manipulating other people,yes,0.9702952292160505
machiavellianism,People's feelings are more important than making money,yes,0.9724717491255465
machiavellianism,"Whatever it takes to get ahead, I will do it",no,0.9487762985729913
machiavellianism,I hate manipulating others and frequently feel guilty,yes,0.970247219646094
machiavellianism,I believe life to be more like a game and therefore requires strategy and looking out for one's own interests,no,0.945300355098401
machiavellianism,"Appearances often trump reality, so it is important to seem trustworthy even if you aren't really trustworthy",no,0.9332502138742462
machiavellianism,Sometimes it is necessary to bend the rules,no,0.9418083865717527
machiavellianism,I refrain from manipulation or exploitation of others,yes,0.9719806902502931
machiavellianism,I care about the needs of other people more than I care about my own needs,yes,0.9815566987005786
machiavellianism,I usually feel concern for others,yes,0.9692780273293302
machiavellianism,I feel empathy and concern for other people,yes,0.9740783051304047
machiavellianism,Winning is the only thing that matters to me,no,0.9409934555770558
machiavellianism,I think all people are worthy of respect and compassion,yes,0.9711308911653206
machiavellianism,"I will try to make others happy, even if at my own expense",yes,0.9691056282208326
machiavellianism,"Success isn't determined by effort, dedication, and honesty but, rather, cleverness, planning, and self-interest",no,0.9508450357350959
machiavellianism,I never deceive people through lies or misleading statements,yes,0.9707343511044874
machiavellianism,Others’ feelings matter more than mine,yes,0.9776963784923179
machiavellianism,I concern myself with the moral and ethical implications of my actions,yes,0.9702572803008507
machiavellianism,I refrain from intentionally manipulating or deceiving others,yes,0.9699244147478866
machiavellianism,You can always find a way to get what you want,no,0.9384241214147523
machiavellianism,Sometimes the ends can justify the means,no,0.9448544663476459
machiavellianism,"The means do not matter, as long as the ends get achieved",no,0.9411156968341241
machiavellianism,"It is smart to fake certain emotions, mannerisms, behaviours, opinions, etc",no,0.9442125490086918
machiavellianism,Lies and deceit are sometimes necessary in order to gain an advantage over others,no,0.9436067697250853
machiavellianism,"I am focused purely on profit, power, and the advancement of my own self-interest",no,0.9379760011001957
machiavellianism,The needs of other people are just as important to me as my own needs are,yes,0.9778000287499954
machiavellianism,You have to lie and manipulate to get what you want,no,0.9387183284530166
machiavellianism,"Whatever it takes, I win",no,0.9426096665977124
machiavellianism,I care about others more than myself,yes,0.9793263413992807
machiavellianism,I avoid harming others at all costs,yes,0.9733793651802174
machiavellianism,I always look out for myself first,no,0.9510990154632846
machiavellianism,I focus more on other people's own needs above my own best interests,yes,0.9733853231129524
machiavellianism,Empathy is an important value to me,yes,0.9694694788930436
machiavellianism,Sometimes you need to pursue your own self-interest without caring about how it affects others,no,0.9516153930765606
machiavellianism,"I believe that the end justifies the means, whatever that might entail",no,0.9413346932905211
machiavellianism,Most people are naive and are easily fooled,no,0.9484130409867196
machiavellianism,I put other people’s best interests before my own,yes,0.9795618804921986
machiavellianism,I care about the feelings and well being of others,yes,0.9739255231459945
machiavellianism,I prioritize others’ needs over my own,yes,0.9800402861528729
machiavellianism,I prioritize my own interests above the interests of others,no,0.948255590142919
machiavellianism,In order to be successful you have to be willing to cross moral boundaries,no,0.9363922124531093
