index,noun1,noun2,taxonomic,ground_truth,log_prob_noun2,log_prob_noun1,log_prob_noun2_given_context
0,letter openers,food,no,0,-9.872208014754865,-23.994998553995853,-17.453195241644565
1,dough,food,yes,1,-9.872208014754865,-15.576213512646124,-14.95357291499246
2,cleavers,food,no,0,-9.872208014754865,-20.131869560698046,-17.025601439076713
3,chains,container,no,0,-10.39245894196004,-10.58622070355545,-16.0185267730566
4,cream cheese,breakfast,yes,1,-18.78418620478066,-21.023159806176963,-15.424665765601723
5,scoops,insect,no,0,-17.49313496335084,-18.019086906240926,-19.47245651531754
6,latches,kitchen equipment,no,0,-26.5135966010765,-17.401587766326017,-23.087510028553275
7,granola,animal,no,0,-10.488377315128824,-17.248255160887677,-16.431158702314505
8,chains,office supply,no,0,-20.94928532390783,-10.58622070355545,-28.599165861277896
9,cocktails,tool,no,0,-10.106467982925874,-21.371715164674747,-18.245326365078792
10,sweet potatoes,vegetable,yes,1,-21.440018856463897,-21.532675338286477,-15.195046683523266
11,tiramisu,food,yes,1,-9.872208014754865,-25.828143761221167,-15.538763178625665
12,boxes,container,yes,1,-10.39245894196004,-11.272045448409843,-15.872040018386055
13,cows,animal,yes,1,-10.488377315128824,-15.145465077823424,-15.31325119703452
14,filing cabinets,container,yes,1,-10.39245894196004,-25.21554971599562,-17.6360751533567
15,bunkbeds,animal,no,0,-10.488377315128824,-26.636988144627956,-17.05306517813788
16,freezers,kitchen equipment,yes,1,-26.5135966010765,-21.098063175879723,-22.170612823458935
17,freezers,electronic device,yes,1,-22.662907675225643,-21.098063175879723,-24.148713460245354
18,moccasins,footwear,yes,1,-18.63796391571983,-19.252495361402772,-21.01093002653225
19,swabs,tool,no,0,-10.106467982925874,-15.759797373209341,-15.326977836871114
20,parrots,animal,yes,1,-10.488377315128824,-18.974147567412842,-14.981846126655599
21,peanut butter,animal,no,0,-10.488377315128824,-18.451033166867177,-16.739397621048422
22,cinnamon,fruit,no,0,-10.40945006013787,-18.131930284547607,-13.593572129210084
23,costumes,outerwear,no,0,-22.161510416729683,-20.28709115777395,-19.498956822262116
24,ties,clothing,yes,1,-17.877077981217823,-10.790487705726454,-18.330951615172125
25,muffs,clothing,yes,1,-17.877077981217823,-17.105007951783495,-17.414892347704853
26,spears,food,no,0,-9.872208014754865,-15.752353052135739,-17.89362928171587
27,calves,accessory,no,0,-18.05284595785042,-16.748073934357215,-18.44513319578036
28,ashtrays,container,yes,1,-10.39245894196004,-22.550133306421312,-16.335764591554884
29,lizards,mammal,no,0,-18.447204075344327,-17.7617138951087,-20.24338870560547
30,whips,food,no,0,-9.872208014754865,-15.972458006297634,-17.063279376804612
31,shoes,footwear,yes,1,-18.63796391571983,-15.647860243170221,-17.36107257881085
32,meat,animal,no,0,-10.488377315128824,-10.27409848870561,-15.696934121797963
33,suspenders,accessory,yes,1,-18.05284595785042,-18.293095221614763,-18.945069160422364
34,tanks,tool,yes,1,-10.106467982925874,-15.67101605998807,-16.802775668972007
35,waffles,tool,no,0,-10.106467982925874,-17.274135676055458,-18.779772732378195
36,rearview mirrors,mammal,no,0,-18.447204075344327,-31.445215287276223,-20.029590207264878
37,yaks,mammal,yes,1,-18.447204075344327,-16.405806616584368,-20.39102787525399
38,drums,container,no,0,-10.39245894196004,-17.349026574496847,-16.897580140318663
39,beakers,container,yes,1,-10.39245894196004,-17.942626253424685,-17.24226509449175
40,stretchers,kitchen tool,no,0,-27.874688170687534,-20.692892231058856,-24.045473379903534
41,tacos,mammal,no,0,-18.447204075344327,-17.895970152046935,-20.17795266166356
42,spatulas,animal,no,0,-10.488377315128824,-19.974348824719847,-15.513554185268472
43,ants,insect,yes,1,-17.49313496335084,-9.134200290491016,-19.24305812387147
44,locks,tool,yes,1,-10.106467982925874,-11.56125316920207,-15.435011723746253
45,leeches,animal,yes,1,-10.488377315128824,-18.896263532955814,-16.307696398882978
46,bras,clothing,yes,1,-17.877077981217823,-13.426860276762213,-18.221564289952624
47,donuts,food,yes,1,-9.872208014754865,-16.87977454328391,-15.187966386971
48,nuts,kitchen equipment,no,0,-26.5135966010765,-10.345353243427848,-23.70993147712596
49,bassoons,plant,no,0,-10.587905040521907,-22.0162587155191,-18.047889544644956
50,cows,mammal,yes,1,-18.447204075344327,-15.145465077823424,-19.63962236471125
51,coffee,drink,yes,1,-15.901127689636358,-19.05390821306156,-16.767755155699664
52,whipped cream,animal,no,0,-10.488377315128824,-26.178223093870137,-16.99467213134972
53,spaghetti,animal,no,0,-10.488377315128824,-18.609816134430286,-15.998188153002452
54,cummerbunds,accessory,yes,1,-18.05284595785042,-36.525896405063776,-19.99475808165384
55,maple syrup,accessory,no,0,-18.05284595785042,-27.084791449285788,-19.821514725553417
56,coyotes,animal,yes,1,-10.488377315128824,-17.139342846919522,-14.674066140478882
57,slugs,food,no,0,-9.872208014754865,-17.710155924209218,-16.657478304697786
58,lecterns,tool,no,0,-10.106467982925874,-23.152302956804125,-16.78080732978273
59,mattresses,furniture,yes,1,-15.378502283304199,-21.52909837711683,-20.243330250823462
60,piecrusts,animal,no,0,-10.488377315128824,-25.951854610231628,-16.280917465713628
61,timers,kitchen tool,yes,1,-27.874688170687534,-15.480553751359269,-22.666468525480205
62,chains,tool,yes,1,-10.106467982925874,-10.58622070355545,-16.775016705932003
63,envelopes,protective clothing,no,0,-24.315100319687286,-21.002307881701324,-24.67808267667895
64,pots,plant,no,0,-10.587905040521907,-10.544551601718931,-16.684167892207334
65,wedges,tool,yes,1,-10.106467982925874,-20.968895274102554,-16.226361150176075
66,spaghetti,container,no,0,-10.39245894196004,-18.609816134430286,-17.693957160090065
67,bumpers,tool,no,0,-10.106467982925874,-18.826065003376346,-16.3389248320265
68,chessboards,animal,no,0,-10.488377315128824,-26.96103516577258,-17.740737875483884
69,praying mantises,animal,yes,1,-10.488377315128824,-30.52092097434431,-17.188047693759074
70,videogames,game,yes,1,-8.622544389345105,-21.83389377339885,-12.473300528595967
71,nuts,furniture,no,0,-15.378502283304199,-10.345353243427848,-20.105542496943976
72,sandals,footwear,yes,1,-18.63796391571983,-19.456800871429074,-20.902125086828406
73,margaritas,tool,no,0,-10.106467982925874,-22.431308444778246,-18.49777371106983
74,rams,livestock,yes,1,-17.2110523201245,-11.028279541569617,-22.00234793320704
75,jams,animal,no,0,-10.488377315128824,-14.807365900049014,-16.843342459013844
76,mussels,seafood,yes,1,-18.527978605988995,-20.390804099965667,-18.38134751628003
77,duffel bags,clothing,no,0,-17.877077981217823,-31.535408759019013,-16.813798017661725
78,cheesecake,dessert,yes,1,-17.543418618538965,-20.919458046932675,-14.580758281982767
79,baklavas,food,yes,1,-9.872208014754865,-26.91879421765678,-16.592286969497778
80,tube tops,water vehicle,no,0,-18.352663236385066,-22.995983324712174,-24.573412527317693
81,sweatsuits,clothing,yes,1,-17.877077981217823,-23.173381218112713,-14.919682257174916
82,nuts,toy,no,0,-14.778533258953818,-10.345353243427848,-19.169805286170458
83,nightshirts,clothing,yes,1,-17.877077981217823,-21.779391548912095,-16.08710144839039
84,windshields,auto part,yes,1,-18.288343673302585,-21.906854270064134,-25.164739836130146
85,fruits,food,yes,1,-9.872208014754865,-17.211227983880637,-14.14636884510485
86,robes,clothing,yes,1,-17.877077981217823,-16.331823515501103,-18.58432230838757
87,spatulas,garden tool,no,0,-26.96761409599526,-19.974348824719847,-27.207521752982075
88,woks,container,yes,1,-10.39245894196004,-16.31666965659408,-17.883957019323816
89,prunes,vehicle,no,0,-16.333382935021387,-19.205367887827343,-18.905172679479254
90,ducklings,kitchen equipment,no,0,-26.5135966010765,-25.287339394450747,-23.4124159484995
91,crows,clothing,no,0,-17.877077981217823,-15.987883669617148,-18.96711822294399
92,rabbits,toiletry,no,0,-20.378779853728535,-18.072892002745938,-25.288737942574585
93,cauliflowers,food,yes,1,-9.872208014754865,-29.696668337891023,-16.77149606665287
94,strollers,vehicle,yes,1,-16.333382935021387,-18.402836320778988,-17.58312570475428
95,headscarves,women's clothing,yes,1,-19.395486679733438,-21.92424806066247,-20.324175241131268
96,coasters,food,no,0,-9.872208014754865,-18.565398063487944,-15.545610033463621
97,bamboos,plant,yes,1,-10.587905040521907,-20.14819113178999,-16.644670554240292
98,birds,animal,yes,1,-10.488377315128824,-10.728845507852093,-15.95011096845443
99,footbaths,container,yes,1,-10.39245894196004,-22.13091886075375,-17.905878414340098
100,headbands,accessory,yes,1,-18.05284595785042,-19.04038609163291,-18.539189226350825
101,squash,plant,no,0,-10.587905040521907,-15.64080921791982,-16.526640208052267
102,arugula,plant,yes,1,-10.587905040521907,-22.340070799909356,-14.88823731275127
103,oranges,tool,no,0,-10.106467982925874,-18.075452882226134,-17.758432025453647
104,outfits,accessory,no,0,-18.05284595785042,-18.809031316570955,-19.271711374804163
105,ferns,plant,yes,1,-10.587905040521907,-18.582233857313614,-16.607849827775755
106,cantaloupes,kitchen tool,no,0,-27.874688170687534,-27.383184950778926,-23.312107337632195
107,spatulas,vehicle,no,0,-16.333382935021387,-19.974348824719847,-17.97552049102121
108,stilettoes,seafood,no,0,-18.527978605988995,-23.995331943776897,-21.2512523092022
109,crabs,food,yes,1,-9.872208014754865,-16.30489705684124,-17.635959737558128
110,strawberries,weapon,no,0,-11.07728714571915,-21.03114848376704,-18.70630263727755
111,tapestries,food,no,0,-9.872208014754865,-22.28555882992034,-16.18614109538414
112,dresses,outerwear,no,0,-22.161510416729683,-16.787040387826874,-18.56260747128445
113,mice,mammal,yes,1,-18.447204075344327,-14.925278439152489,-20.860157084369195
114,vending machines,electronic device,yes,1,-22.662907675225643,-21.714073427363484,-23.017884430909685
115,nuts,toiletry,no,0,-20.378779853728535,-10.345353243427848,-24.14102521906876
116,waffle irons,kitchen equipment,yes,1,-26.5135966010765,-28.54090420927754,-21.334136699345144
117,wire cutters,tool,yes,1,-10.106467982925874,-20.900441632067803,-15.401682965252569
118,elephants,animal,yes,1,-10.488377315128824,-22.983548125652312,-15.285661146767481
119,roosters,medical equipment,no,0,-19.106002639348333,-17.215541079232633,-23.917927652653418
120,canoes,vehicle,yes,1,-16.333382935021387,-18.70327487141921,-17.33033927680026
121,dashboards,home decor,no,0,-22.000615731536097,-20.788966609943813,-22.70363763836741
122,wines,drink,yes,1,-15.901127689636358,-14.450115367153312,-18.80995293242406
123,elephants,accessory,no,0,-18.05284595785042,-22.983548125652312,-19.15026942028102
124,corn,fruit,no,0,-10.40945006013787,-9.675210299954188,-16.031009035735536
125,quads,food,no,0,-9.872208014754865,-15.641829598973914,-17.871763499771326
126,broccoli,food,yes,1,-9.872208014754865,-18.83327773883587,-14.98595293895222
127,nail files,tool,yes,1,-10.106467982925874,-24.449140325881448,-15.54886117360519
128,rabbits,mammal,yes,1,-18.447204075344327,-18.072892002745938,-19.741379402003954
129,bassoons,toy,no,0,-14.778533258953818,-22.0162587155191,-19.788111785174642
130,shoes,clothing,yes,1,-17.877077981217823,-15.647860243170221,-15.907537537238127
131,strawberries,tool,no,0,-10.106467982925874,-21.03114848376704,-19.476068752656595
132,sea urchins,animal,yes,1,-10.488377315128824,-25.362408896212784,-15.512168386073746
133,bulls,garden tool,no,0,-26.96761409599526,-14.447447335871205,-28.259427614898833
134,bears,animal,yes,1,-10.488377315128824,-15.424431949886042,-16.010494958330565
135,cardinals,tool,no,0,-10.106467982925874,-18.87190353445606,-17.33352253960787
136,kangaroos,animal,yes,1,-10.488377315128824,-21.27364149895737,-15.625330367709878
137,can openers,kitchen tool,yes,1,-27.874688170687534,-26.943004825037917,-22.866394004457145
138,canes,sea animal,no,0,-19.928937070677247,-16.784524130510555,-22.977150677622063
139,highlighters,game,no,0,-8.622544389345105,-19.594425864031454,-15.069521590080504
140,pepperonis,food,yes,1,-9.872208014754865,-27.783602530700218,-16.358348528744365
141,elephants,protective clothing,no,0,-24.315100319687286,-22.983548125652312,-26.188354700577264
142,bulls,dessert,no,0,-17.543418618538965,-14.447447335871205,-21.48511854903298
143,harmonicas,musical instrument,yes,1,-24.314967442060933,-26.995655094648143,-17.544690271717503
144,canes,mammal,no,0,-18.447204075344327,-16.784524130510555,-20.410577625400137
145,icemakers,electronic device,yes,1,-22.662907675225643,-18.303586914338656,-22.96773666838391
146,chests,furniture,yes,1,-15.378502283304199,-17.095168535309604,-19.323305064933066
147,horns,musical instrument,yes,1,-24.314967442060933,-16.831717716262247,-22.77704683755001
148,tostadas,food,yes,1,-9.872208014754865,-24.244299516643892,-15.286664609098324
149,face masks,protective clothing,yes,1,-24.315100319687286,-20.632795305881125,-23.267933911692367
150,porcupines,mammal,yes,1,-18.447204075344327,-22.74532687806055,-19.504647369164406
151,shrimps,seafood,yes,1,-18.527978605988995,-17.058295640839834,-21.706010663538354
152,burritos,food,yes,1,-9.872208014754865,-17.463114469235173,-15.126056775919476
153,rabbits,tool,no,0,-10.106467982925874,-18.072892002745938,-17.127881800709005
154,abacuses,school supply,no,0,-19.52552485147261,-24.125405151415748,-28.075011507089535
155,chairs,insect,no,0,-17.49313496335084,-11.368439837306715,-19.829281271351995
156,calves,animal,yes,1,-10.488377315128824,-16.748073934357215,-16.62256717431047
157,earwigs,animal,yes,1,-10.488377315128824,-21.83694663693516,-16.682776562315716
158,brooches,jewelry,yes,1,-17.78827699571799,-16.967506844338388,-17.928905615361593
159,parfaits,dessert,yes,1,-17.543418618538965,-23.93638128782957,-21.192531209030342
160,cars,auto part,no,0,-18.288343673302585,-11.004476810570365,-23.80502783227976
161,chickpeas,plant,no,0,-10.587905040521907,-27.25217884933132,-16.015789706073846
162,bonsai,food,no,0,-9.872208014754865,-21.442365573852435,-16.72770955015827
163,blueberries,fruit,yes,1,-10.40945006013787,-19.835937780514723,-12.772388354316814
164,watches,jewelry,yes,1,-17.78827699571799,-16.561435806389447,-16.329690318425033
165,stained glass,food,no,0,-9.872208014754865,-20.2106355585724,-17.414468792417
166,envelopes,food,no,0,-9.872208014754865,-21.002307881701324,-17.35816810214178
167,sweepers,tool,yes,1,-10.106467982925874,-19.095227704554166,-16.313589502703195
168,melons,fruit,yes,1,-10.40945006013787,-16.351582760959484,-15.855730115642462
169,rabbits,furniture,no,0,-15.378502283304199,-18.072892002745938,-20.264357956837234
170,cordon bleu sandwiches,food,yes,1,-9.872208014754865,-38.75456872791049,-14.747597528200782
171,highlighters,clothing,no,0,-17.877077981217823,-19.594425864031454,-17.821505629947925
172,eels,clothing,no,0,-17.877077981217823,-15.137437884935647,-18.2256527229398
173,birdcages,bird,no,0,-9.550907329666211,-24.489329405004554,-14.88860944250797
174,dynamites,mammal,no,0,-18.447204075344327,-24.935068176078417,-19.81155998675558
175,rollerblades,footwear,yes,1,-18.63796391571983,-22.45088010451859,-19.525393338646964
176,bulls,candy,no,0,-15.598849515845721,-14.447447335871205,-19.1088868325888
177,brushes,tool,yes,1,-10.106467982925874,-17.184588788109817,-16.588767445917547
178,lockers,container,yes,1,-10.39245894196004,-16.128530262220576,-17.23016064033998
179,pans,container,yes,1,-10.39245894196004,-14.463057619760352,-17.19023790572184
180,chairs,food,no,0,-9.872208014754865,-11.368439837306715,-17.25951195536703
181,lambs,animal,yes,1,-10.488377315128824,-17.623594646686726,-16.40238065296139
182,praying mantises,insect,yes,1,-17.49313496335084,-30.52092097434431,-18.919388416441954
183,flip-flops,clothing,yes,1,-17.877077981217823,-26.30687909758252,-18.774919888997623
184,banjoes,dessert,no,0,-17.543418618538965,-26.320198066278763,-20.750324876762456
185,chains,furniture,no,0,-15.378502283304199,-10.58622070355545,-21.370029146877933
186,geese,livestock,yes,1,-17.2110523201245,-18.178804602023035,-21.477489460971675
187,crows,vehicle,no,0,-16.333382935021387,-15.987883669617148,-18.293453543685683
188,rabbits,breakfast,no,0,-18.78418620478066,-18.072892002745938,-18.166882781854213
189,centerpieces,clothing,no,0,-17.877077981217823,-21.83047878000464,-17.008644559205162
190,flamingoes,tool,no,0,-10.106467982925874,-29.060922635186287,-17.45781223884389
191,tube tops,vegetable,no,0,-21.440018856463897,-22.995983324712174,-18.456996065049545
192,scarecrows,animal,no,0,-10.488377315128824,-24.22178441146117,-15.387847516731915
193,highlighters,office supply,yes,1,-20.94928532390783,-19.594425864031454,-27.471523373024876
194,artichokes,animal,no,0,-10.488377315128824,-26.41784239050356,-16.137097835739112
195,knobs,sea animal,no,0,-19.928937070677247,-17.781044139183326,-25.442834341568215
196,stools,bird,no,0,-9.550907329666211,-17.362289908245316,-16.255629632802442
197,notepads,office supply,yes,1,-20.94928532390783,-20.301458017114726,-27.63722119264084
198,crows,toiletry,no,0,-20.378779853728535,-15.987883669617148,-23.34339620624613
199,whales,bird,no,0,-9.550907329666211,-16.755789456777407,-14.90687688613836
200,scoops,tool,yes,1,-10.106467982925874,-18.019086906240926,-16.24980934126012
201,wetsuits,clothing,yes,1,-17.877077981217823,-17.111834660859877,-15.307660531193134
202,sloths,animal,yes,1,-10.488377315128824,-18.789566526907308,-16.26836440986653
203,egg rolls,food,yes,1,-9.872208014754865,-19.859379369169012,-14.963637624923592
204,pickaxes,garden tool,yes,1,-26.96761409599526,-23.23426500963422,-26.16790629550157
205,flowers,plant,yes,1,-10.587905040521907,-16.626554494328296,-14.962360303288909
206,needles,food,no,0,-9.872208014754865,-19.967420163649713,-16.24913549490862
207,dustpans,fastener,no,0,-19.889042031684134,-20.517895857929236,-21.752373664091643
208,bow,fastener,yes,1,-19.889042031684134,-8.539041051305057,-21.681380299879635
209,macaroni,vegetable,no,0,-21.440018856463897,-22.152400367752083,-16.956158702243584
210,octopus,seafood,yes,1,-18.527978605988995,-19.10776146465021,-20.061712212458584
211,hyenas,mammal,yes,1,-18.447204075344327,-20.14019095162941,-19.989170596084925
212,zebras,musical instrument,no,0,-24.314967442060933,-18.64936954733936,-23.33624788946037
213,gyros,food,yes,1,-9.872208014754865,-17.454393379940115,-16.318236622457665
214,rattlesnakes,animal,yes,1,-10.488377315128824,-21.489588944699324,-16.362760577089013
215,flan,tool,no,0,-10.106467982925874,-14.0601368040704,-17.52152403865933
216,slugs,animal,yes,1,-10.488377315128824,-17.710155924209218,-16.737349078068604
217,machine guns,dessert,no,0,-17.543418618538965,-20.07460556055124,-23.277296803082983
218,christmas trees,jewelry,no,0,-17.78827699571799,-27.012195467755646,-17.999393571996873
219,salami,food,yes,1,-9.872208014754865,-16.624639268792645,-16.189382131546687
220,hot-air balloons,vehicle,yes,1,-16.333382935021387,-26.684077746049265,-18.360950744910358
221,tanks,weapon,yes,1,-11.07728714571915,-15.67101605998807,-15.941588631337178
222,drawers,container,yes,1,-10.39245894196004,-15.851137648293157,-16.55274296010573
223,mirrors,food,no,0,-9.872208014754865,-19.1016772007016,-18.539242787260232
224,peanut butter,home decor,no,0,-22.000615731536097,-18.451033166867177,-23.474684557238632
225,dynamites,animal,no,0,-10.488377315128824,-24.935068176078417,-17.094542150933496
226,tridents,breakfast,no,0,-18.78418620478066,-16.727078350323985,-19.18216809703896
227,koalas,food,no,0,-9.872208014754865,-20.909013077314718,-17.27639739062329
228,grass,food,no,0,-9.872208014754865,-9.352840024211028,-15.628621530862583
229,roof racks,container,no,0,-10.39245894196004,-27.457258719042926,-16.581231368347737
230,mirrors,animal,no,0,-10.488377315128824,-19.1016772007016,-17.680123317391594
231,sheeps,container,no,0,-10.39245894196004,-20.99116666981182,-18.05556791643307
232,hot tubs,container,yes,1,-10.39245894196004,-21.291711217405926,-17.144398500437124
233,zebras,headwear,no,0,-18.544681317508008,-18.64936954733936,-21.855507714923455
234,peaches,fruit,yes,1,-10.40945006013787,-16.52337167604117,-14.053716893057247
235,avocados,food,yes,1,-9.872208014754865,-19.96374075188979,-14.659814064798342
236,rifles,food,no,0,-9.872208014754865,-17.385067667918804,-18.97279986536386
237,envelopes,office supply,yes,1,-20.94928532390783,-21.002307881701324,-26.853287492414893
238,pepperonis,tool,no,0,-10.106467982925874,-27.783602530700218,-17.860104685784933
239,headrests,auto part,yes,1,-18.288343673302585,-20.402452366934746,-25.29032629683182
240,panthers,mammal,yes,1,-18.447204075344327,-17.08094035419705,-20.53568941041229
241,hawks,animal,yes,1,-10.488377315128824,-11.030510278591484,-17.996364024854298
242,helmets,headwear,yes,1,-18.544681317508008,-18.3863461824793,-19.05416600520421
243,cantaloupes,furniture,no,0,-15.378502283304199,-27.383184950778926,-20.066575230625222
244,razor blades,animal,no,0,-10.488377315128824,-26.104635452076955,-17.87969046206826
245,stretchers,clothing,no,0,-17.877077981217823,-20.692892231058856,-18.218002583168943
246,accordions,musical instrument,yes,1,-24.314967442060933,-22.26100541110064,-23.932329847958577
247,stretchers,weapon,no,0,-11.07728714571915,-20.692892231058856,-16.201709540988134
248,stretchers,musical instrument,no,0,-24.314967442060933,-20.692892231058856,-24.14717080603155
249,stockings,clothing,yes,1,-17.877077981217823,-17.13004772292303,-17.57216703460903
250,backpacks,school supply,yes,1,-19.52552485147261,-19.306087849404086,-26.477897443190948
251,nail clippers,food,no,0,-9.872208014754865,-23.62865501503455,-18.46445178320796
252,weasels,animal,yes,1,-10.488377315128824,-16.100811559279805,-16.521379232467048
253,coffee tables,furniture,yes,1,-15.378502283304199,-28.808849965069783,-19.64533555400774
254,rabbits,home decor,no,0,-22.000615731536097,-18.072892002745938,-25.741339146517028
255,geese,clothing,no,0,-17.877077981217823,-18.178804602023035,-18.69327375309254
256,refrigerators,container,no,0,-10.39245894196004,-22.34778856138316,-16.338901527204698
257,thumbtacks,office supply,yes,1,-20.94928532390783,-26.67082477617453,-27.657550194565886
258,trowels,tool,yes,1,-10.106467982925874,-19.259723400003796,-15.420539160439752
259,flyswatters,tool,yes,1,-10.106467982925874,-26.859281692296886,-16.464410875164923
260,lasagna,breakfast,no,0,-18.78418620478066,-21.1938010666665,-16.13678839980734
261,bulls,water vehicle,no,0,-18.352663236385066,-14.447447335871205,-25.048206534822334
262,sombreros,headwear,yes,1,-18.544681317508008,-24.657994543982078,-21.54003175512516
263,aloe,plant,yes,1,-10.587905040521907,-16.057665743037674,-15.39835197407744
264,petri dishes,container,yes,1,-10.39245894196004,-21.76520818902451,-17.986450798547782
265,swabs,medical equipment,yes,1,-19.106002639348333,-15.759797373209341,-22.466895091966318
266,flies,animal,yes,1,-10.488377315128824,-11.087614740842762,-15.934939901771793
267,tridents,home decor,no,0,-22.000615731536097,-16.727078350323985,-25.97787248794104
268,eels,container,no,0,-10.39245894196004,-15.137437884935647,-17.645260549488885
269,quesadillas,food,yes,1,-9.872208014754865,-22.98105969854656,-17.182549797479542
270,chickpeas,dessert,no,0,-17.543418618538965,-27.25217884933132,-20.302838697069298
271,belt buckles,mammal,no,0,-18.447204075344327,-23.4372771553461,-20.977659000943827
272,sheeps,food,no,0,-9.872208014754865,-20.99116666981182,-17.041925039020295
273,bowler hats,headwear,yes,1,-18.544681317508008,-28.36354858983279,-18.259016595699748
274,costumes,footwear,no,0,-18.63796391571983,-20.28709115777395,-18.128865862130375
275,pinwheels,food,no,0,-9.872208014754865,-21.198594592021994,-16.45817641605539
276,shawls,clothing,yes,1,-17.877077981217823,-20.154342495325444,-18.379791153047695
277,cherries,fruit,yes,1,-10.40945006013787,-19.429155402971503,-16.96765581564158
278,sheeps,mammal,yes,1,-18.447204075344327,-20.99116666981182,-19.89436431613961
279,scoops,musical instrument,no,0,-24.314967442060933,-18.019086906240926,-24.195178910722305
280,aquariums,animal,no,0,-10.488377315128824,-19.582278426987152,-15.679201800505018
281,cufflinks,accessory,yes,1,-18.05284595785042,-21.57309030735756,-19.330443887442204
282,checkers,game,yes,1,-8.622544389345105,-16.123227664728457,-14.324537477819174
283,macaroni,container,no,0,-10.39245894196004,-22.152400367752083,-15.929756169725016
284,squids,animal,yes,1,-10.488377315128824,-16.522250275031997,-16.59936397208214
285,maple syrup,footwear,no,0,-18.63796391571983,-27.084791449285788,-22.881728938570745
286,skateboards,toy,yes,1,-14.778533258953818,-21.895136775497345,-18.45540436546819
287,squids,insect,no,0,-17.49313496335084,-16.522250275031997,-18.718931076567774
288,paper bags,container,yes,1,-10.39245894196004,-20.901443055222252,-16.486354151073446
289,calves,toy,no,0,-14.778533258953818,-16.748073934357215,-19.59781976590414
290,palm trees,plant,yes,1,-10.587905040521907,-22.579505691521227,-14.438165288136636
291,parsley,plant,yes,1,-10.587905040521907,-17.884745004414768,-17.477932002288327
292,coils,office supply,no,0,-20.94928532390783,-17.3341282541409,-28.164252919716876
293,fondues,food,yes,1,-9.872208014754865,-25.040362837709047,-16.966138101994257
294,scallops,furniture,no,0,-15.378502283304199,-17.783318597234913,-19.253356149773495
295,shrimps,sea animal,yes,1,-19.928937070677247,-17.058295640839834,-23.776958937808136
296,bugs,mammal,no,0,-18.447204075344327,-11.479187464265639,-20.551467405477457
297,octopus,mammal,no,0,-18.447204075344327,-19.10776146465021,-18.68832210642033
298,bombs,vegetable,no,0,-21.440018856463897,-16.682225335536437,-18.356229712465492
299,mushrooms,food,yes,1,-9.872208014754865,-17.730951691728556,-15.190489788537672
300,mongooses,tool,no,0,-10.106467982925874,-24.255031540315997,-16.331023888302852
301,racks,mammal,no,0,-18.447204075344327,-16.089794854858052,-20.45729325778366
302,puppies,tool,no,0,-10.106467982925874,-17.960786232071047,-17.46082951367341
303,revolvers,weapon,yes,1,-11.07728714571915,-20.691678406965337,-15.523308221861395
304,footrests,container,no,0,-10.39245894196004,-21.06033124550053,-17.233928075192026
305,guitars,musical instrument,yes,1,-24.314967442060933,-17.389974725771943,-20.248455612470188
306,pickles,breakfast,no,0,-18.78418620478066,-19.178401969715154,-17.478924138721553
307,lighter,vehicle,no,0,-16.333382935021387,-16.60400297045731,-18.594518936370214
308,tweezers,container,no,0,-10.39245894196004,-22.788297241755373,-18.199055135134135
309,puppies,home decor,no,0,-22.000615731536097,-17.960786232071047,-24.408528683050605
310,dustpans,water vehicle,no,0,-18.352663236385066,-20.517895857929236,-24.678353909688056
311,bow,weapon,yes,1,-11.07728714571915,-8.539041051305057,-14.577613487303777
312,ratchets,food,no,0,-9.872208014754865,-21.63450417277531,-17.539579596774598
313,underwear,footwear,no,0,-18.63796391571983,-18.082989414772307,-16.693797728188756
314,chainsaws,tool,yes,1,-10.106467982925874,-21.21965706723084,-15.280656115997491
315,mushrooms,plant,no,0,-10.587905040521907,-17.730951691728556,-14.654381432711546
316,swabs,clothing,no,0,-17.877077981217823,-15.759797373209341,-18.0547793608632
317,noodles,animal,no,0,-10.488377315128824,-17.32613479471657,-15.892881013255616
318,mirrors,toy,no,0,-14.778533258953818,-19.1016772007016,-18.676545886864794
319,breadsticks,food,yes,1,-9.872208014754865,-20.237614997170063,-14.705928166144043
320,fruit punches,weapon,no,0,-11.07728714571915,-22.114380912220902,-15.83365034408708
321,lemonades,mammal,no,0,-18.447204075344327,-26.738980153714866,-19.421705813941358
322,rollerblades,animal,no,0,-10.488377315128824,-22.45088010451859,-16.875490058038068
323,boas,accessory,yes,1,-18.05284595785042,-14.94080434590327,-19.41115106873644
324,tridents,kitchen equipment,no,0,-26.5135966010765,-16.727078350323985,-25.340733880739016
325,cranks,garden tool,no,0,-26.96761409599526,-15.779777397220453,-27.74493380157636
326,nuts,food,yes,1,-9.872208014754865,-10.345353243427848,-14.701290959165096
327,rubber bands,office supply,yes,1,-20.94928532390783,-23.819710315290195,-28.172314250462506
328,strainers,tool,yes,1,-10.106467982925874,-19.340142626861766,-15.351969344570115
329,combs,food,no,0,-9.872208014754865,-15.921044887196615,-17.744251639072527
330,dynamites,tool,no,0,-10.106467982925874,-24.935068176078417,-15.903223123510292
331,ambulances,vehicle,yes,1,-16.333382935021387,-19.271311614665386,-19.184770109578853
332,handbrakes,auto part,yes,1,-18.288343673302585,-21.601707146323776,-23.065594256771856
333,walruses,mammal,yes,1,-18.447204075344327,-24.46279358313511,-19.585826731436338
334,bolts,fastener,yes,1,-19.889042031684134,-18.067595702647516,-21.982641967843694
335,coils,furniture,no,0,-15.378502283304199,-17.3341282541409,-19.42610144312544
336,mosses,plant,yes,1,-10.587905040521907,-19.67934912730132,-16.12893511605971
337,sheeps,school supply,no,0,-19.52552485147261,-20.99116666981182,-28.246467435231644
338,pots,food,no,0,-9.872208014754865,-10.544551601718931,-16.907140135506424
339,rhubarbs,vegetable,yes,1,-21.440018856463897,-30.657941606425346,-17.898495537037288
340,rabbits,auto part,no,0,-18.288343673302585,-18.072892002745938,-26.391110708057685
341,margaritas,medical equipment,no,0,-19.106002639348333,-22.431308444778246,-25.271537567185177
342,hamburgers,food,yes,1,-9.872208014754865,-23.869857685026005,-17.01416488209812
343,asparagus,plant,yes,1,-10.587905040521907,-17.439080899279148,-13.099406515898236
344,fruit punches,office supply,yes,1,-20.94928532390783,-22.114380912220902,-29.73602365281787
345,string cheese,clothing,no,0,-17.877077981217823,-20.043249667450645,-20.355689707088995
346,sugar cubes,food,yes,1,-9.872208014754865,-26.965376646444227,-14.408263791032882
347,engines,auto part,yes,1,-18.288343673302585,-15.633725383117476,-25.36133235314515
348,elephants,electronic device,no,0,-22.662907675225643,-22.983548125652312,-23.476361861773317
349,nuts,dessert,no,0,-17.543418618538965,-10.345353243427848,-18.80270695908423
350,weather vanes,home decor,yes,1,-22.000615731536097,-27.60143758508936,-24.816725353462044
351,chickpeas,clothing,no,0,-17.877077981217823,-27.25217884933132,-18.574895810007437
352,tacos,food,yes,1,-9.872208014754865,-17.895970152046935,-16.012144740019057
353,margaritas,container,no,0,-10.39245894196004,-22.431308444778246,-17.93595338596006
354,clippers,toiletry,yes,1,-20.378779853728535,-17.20040411466467,-23.848003720804464
355,brakes,auto part,yes,1,-18.288343673302585,-19.00974143105328,-23.023987701992866
356,calves,protective clothing,no,0,-24.315100319687286,-16.748073934357215,-25.637318102225258
357,papayas,food,yes,1,-9.872208014754865,-22.939930939001584,-16.302361973705377
358,gloves,accessory,yes,1,-18.05284595785042,-16.425302317165357,-18.29760552685774
359,life jackets,clothing,yes,1,-17.877077981217823,-22.540976905008606,-15.87521139771225
360,bongos,musical instrument,yes,1,-24.314967442060933,-21.080703824333643,-23.50674902666359
361,paper,school supply,yes,1,-19.52552485147261,-10.388430069845262,-27.35499649857646
362,jellyfish,seafood,yes,1,-18.527978605988995,-19.29271942082169,-17.8750184983188
363,groundhogs,mammal,yes,1,-18.447204075344327,-22.855464125194995,-19.040806599141565
364,latches,drink,no,0,-15.901127689636358,-17.401587766326017,-19.41348814697173
365,envelopes,water vehicle,no,0,-18.352663236385066,-21.002307881701324,-23.775296043062156
366,bok choys,food,yes,1,-9.872208014754865,-30.899524743059498,-15.889678755039839
367,milk,drink,yes,1,-15.901127689636358,-14.913588843714122,-18.445051466433306
368,crayfish,livestock,no,0,-17.2110523201245,-18.95846468758191,-19.659446076103947
369,souffles,food,yes,1,-9.872208014754865,-23.661373481824484,-16.61414692768837
370,stilts,toy,yes,1,-14.778533258953818,-19.037342356251443,-19.62717241962072
371,maple syrup,sea animal,no,0,-19.928937070677247,-27.084791449285788,-26.42889759767043
372,bulldozers,tool,no,0,-10.106467982925874,-23.727029739014057,-16.748980232042978
373,shorts,clothing,yes,1,-17.877077981217823,-15.905295039337856,-16.755486268277636
374,zebras,medical equipment,no,0,-19.106002639348333,-18.64936954733936,-24.40058602932608
375,centrifuges,electronic device,yes,1,-22.662907675225643,-22.573233812934845,-23.58795936652558
376,stilettoes,food,no,0,-9.872208014754865,-23.995331943776897,-17.022644819293305
377,bees,animal,yes,1,-10.488377315128824,-10.356803402698116,-15.422636230620562
378,robots,electronic device,no,0,-22.662907675225643,-16.45437387099541,-22.797489890094845
379,margaritas,weapon,no,0,-11.07728714571915,-22.431308444778246,-17.69480133808485
380,earrings,food,no,0,-9.872208014754865,-19.11685551642879,-17.230674538815485
381,routers,electronic device,yes,1,-22.662907675225643,-16.494379247029002,-23.419081284253288
382,boars,mammal,yes,1,-18.447204075344327,-16.287966530727772,-20.23601243581332
383,honey,headwear,no,0,-18.544681317508008,-15.453406582835195,-22.196797177045692
384,razors,food,no,0,-9.872208014754865,-15.039327118755196,-16.92989486901514
385,computers,electronic device,yes,1,-22.662907675225643,-17.2089935373488,-21.718115770626568
386,pickles,dessert,no,0,-17.543418618538965,-19.178401969715154,-19.077544382389178
387,noodles,tool,no,0,-10.106467982925874,-17.32613479471657,-17.24185722852038
388,apples,clothing,no,0,-17.877077981217823,-14.748352806747118,-18.911852663037365
389,chains,clothing,no,0,-17.877077981217823,-10.58622070355545,-20.35498033809564
390,rearview mirrors,auto part,yes,1,-18.288343673302585,-31.445215287276223,-25.026260752518617
391,peppers,vegetable,yes,1,-21.440018856463897,-17.477671548152863,-17.125111892309516
392,fishnet stockings,women's clothing,yes,1,-19.395486679733438,-34.31517947521873,-22.20570932742774
393,mirrors,vegetable,no,0,-21.440018856463897,-19.1016772007016,-18.88435022358647
394,string cheese,food,yes,1,-9.872208014754865,-20.043249667450645,-14.951032695465777
395,spareribs,food,yes,1,-9.872208014754865,-27.225347455994523,-16.31752808007765
396,gorillas,vehicle,no,0,-16.333382935021387,-19.804608703708897,-18.45886349637701
397,chicken,livestock,yes,1,-17.2110523201245,-16.73158912160614,-20.62278186534293
398,walruses,animal,yes,1,-10.488377315128824,-24.46279358313511,-16.485199877209897
399,wetsuits,protective clothing,yes,1,-24.315100319687286,-17.111834660859877,-21.300899733378838
400,canes,animal,no,0,-10.488377315128824,-16.784524130510555,-16.239418696548505
401,barnacles,animal,yes,1,-10.488377315128824,-21.05931238265155,-16.336061699321974
402,polo shirts,clothing,yes,1,-17.877077981217823,-28.22648560713316,-16.488675274591145
403,backscratchers,accessory,no,0,-18.05284595785042,-22.940530628533615,-19.74173338732711
404,cardigans,food,no,0,-9.872208014754865,-20.403061782346605,-16.377903128090182
405,artichokes,food,yes,1,-9.872208014754865,-26.41784239050356,-16.91123294370379
406,stilettoes,breakfast,no,0,-18.78418620478066,-23.995331943776897,-17.740362819511947
407,margaritas,furniture,no,0,-15.378502283304199,-22.431308444778246,-19.371308974164013
408,train sets,toy,yes,1,-14.778533258953818,-18.47736680579574,-19.057388620992626
409,rabbits,bird,no,0,-9.550907329666211,-18.072892002745938,-16.405453189654427
410,scallops,home decor,no,0,-22.000615731536097,-17.783318597234913,-22.373845278150924
411,tongs,food,no,0,-9.872208014754865,-17.041739733051287,-16.60037338458056
412,belt buckles,accessory,yes,1,-18.05284595785042,-23.4372771553461,-17.849817985425574
413,cheeseburgers,container,no,0,-10.39245894196004,-25.08279237682513,-18.12910006281171
414,eclairs,dessert,yes,1,-17.543418618538965,-18.739704588703724,-21.64629206867205
415,chains,home decor,no,0,-22.000615731536097,-10.58622070355545,-25.148227624189794
416,triangles,container,no,0,-10.39245894196004,-19.475844643579634,-17.322376147055977
417,copiers,electronic device,yes,1,-22.662907675225643,-17.02733545251271,-22.649517275506945
418,headdresses,accessory,yes,1,-18.05284595785042,-23.740972335472243,-18.967640619853672
419,swords,weapon,yes,1,-11.07728714571915,-16.042165200591345,-14.766126735047312
420,moles,sea animal,no,0,-19.928937070677247,-16.115151182830612,-22.603015852409
421,bulls,protective clothing,no,0,-24.315100319687286,-14.447447335871205,-28.272144877268367
422,tube tops,kitchen tool,no,0,-27.874688170687534,-22.995983324712174,-23.717834444460486
423,dynamites,dessert,no,0,-17.543418618538965,-24.935068176078417,-23.496563351914467
424,zucchini,mammal,no,0,-18.447204075344327,-17.337460248352702,-21.931903894606457
425,cars,vehicle,yes,1,-16.333382935021387,-11.004476810570365,-16.542786370039988
426,catfish,seafood,yes,1,-18.527978605988995,-17.637551351959704,-18.885345976649145
427,latches,vegetable,no,0,-21.440018856463897,-17.401587766326017,-17.6479663336901
428,jelly beans,vehicle,no,0,-16.333382935021387,-24.3453240400726,-20.381328636663305
429,cruise ships,food,no,0,-9.872208014754865,-23.053550996667468,-18.950866423825346
430,lollipops,food,yes,1,-9.872208014754865,-20.38675726198797,-15.658809854294878
431,gloves,clothing,yes,1,-17.877077981217823,-16.425302317165357,-16.823279093621558
432,clams,sea animal,yes,1,-19.928937070677247,-15.997187641683269,-23.745960854709686
433,casseroles,food,yes,1,-9.872208014754865,-19.8026704711092,-15.078588440916425
434,kiwis,food,yes,1,-9.872208014754865,-20.381748623908727,-17.797434138157232
435,slot machines,game,yes,1,-8.622544389345105,-21.009273867293587,-14.538876432263015
436,bulls,kitchen equipment,no,0,-26.5135966010765,-14.447447335871205,-24.458457242697506
437,clasps,fastener,yes,1,-19.889042031684134,-16.330000817131776,-22.03006169669654
438,scoops,sea animal,no,0,-19.928937070677247,-18.019086906240926,-24.679012525587837
439,mussels,container,no,0,-10.39245894196004,-20.390804099965667,-16.356268745738134
440,matchboxes,container,yes,1,-10.39245894196004,-20.65881329485924,-15.220740934138838
441,octopus,food,yes,1,-9.872208014754865,-19.10776146465021,-17.579960593614683
442,shrimps,animal,yes,1,-10.488377315128824,-17.058295640839834,-16.770627170019267
443,geese,sea animal,no,0,-19.928937070677247,-18.178804602023035,-22.61321836016914
444,honey,drink,no,0,-15.901127689636358,-15.453406582835195,-18.80380197477924
445,tongs,animal,no,0,-10.488377315128824,-17.041739733051287,-16.5750061426695
446,ladybugs,insect,yes,1,-17.49313496335084,-27.031996113626754,-17.409988416580976
447,jars,container,yes,1,-10.39245894196004,-13.427490722183357,-17.557648761258804
448,rearview mirrors,sea animal,no,0,-19.928937070677247,-31.445215287276223,-24.433360908873524
449,nuts,school supply,no,0,-19.52552485147261,-10.345353243427848,-28.521985419692626
450,bulletproof vests,protective clothing,yes,1,-24.315100319687286,-26.297690882425517,-19.462147297642254
451,puppies,jewelry,no,0,-17.78827699571799,-17.960786232071047,-19.387200961431915
452,lemonades,drink,yes,1,-15.901127689636358,-26.738980153714866,-19.039432668061398
453,loveseats,furniture,yes,1,-15.378502283304199,-29.789731409452905,-19.65381911049104
454,weasels,fastener,no,0,-19.889042031684134,-16.100811559279805,-21.938902764887303
455,cats,animal,yes,1,-10.488377315128824,-10.189051290991294,-16.82103825657093
456,eagles,bird,yes,1,-9.550907329666211,-17.63636972367457,-14.631382751632636
457,dashboards,electronic device,no,0,-22.662907675225643,-20.788966609943813,-22.62898967517982
458,cream cheese,vehicle,no,0,-16.333382935021387,-21.023159806176963,-21.04408309939427
459,calves,toiletry,no,0,-20.378779853728535,-16.748073934357215,-23.44000670412821
460,hawks,food,no,0,-9.872208014754865,-11.030510278591484,-18.59685796717628
461,puppies,musical instrument,no,0,-24.314967442060933,-17.960786232071047,-23.774072800411147
462,beavers,mammal,yes,1,-18.447204075344327,-19.120268862168047,-19.992910041241124
463,hats,headwear,yes,1,-18.544681317508008,-14.653453041376792,-21.199429850696415
464,highlighters,vehicle,no,0,-16.333382935021387,-19.594425864031454,-18.526068572780076
465,bulls,furniture,no,0,-15.378502283304199,-14.447447335871205,-20.1650068277125
466,generators,tool,no,0,-10.106467982925874,-15.75349113902696,-15.40484184971322
467,tiaras,headwear,yes,1,-18.544681317508008,-21.279572515234157,-20.973937006634802
468,headbands,headwear,yes,1,-18.544681317508008,-19.04038609163291,-20.19155107092756
469,catfish,food,yes,1,-9.872208014754865,-17.637551351959704,-16.48727785204337
470,eels,vegetable,no,0,-21.440018856463897,-15.137437884935647,-17.68845783382323
471,dustpans,game,no,0,-8.622544389345105,-20.517895857929236,-15.103458142624083
472,stilettoes,auto part,no,0,-18.288343673302585,-23.995331943776897,-25.469032834306084
473,stools,electronic device,no,0,-22.662907675225643,-17.362289908245316,-23.49948513517069
474,jackets,dessert,no,0,-17.543418618538965,-17.73441727363791,-21.085503601743916
475,cloves,food,yes,1,-9.872208014754865,-15.986517860993537,-16.433552345962152
476,clarinets,clothing,no,0,-17.877077981217823,-24.616437691697122,-19.36771093735591
477,legos,mammal,no,0,-18.447204075344327,-14.245952053852815,-20.647166078658838
478,pumpkins,mammal,no,0,-18.447204075344327,-19.1373355829063,-19.6634106005122
479,pears,food,yes,1,-9.872208014754865,-15.39734368745615,-16.465047190027878
480,overalls,protective clothing,yes,1,-24.315100319687286,-18.999253562298836,-24.769935995241337
481,baskets,container,yes,1,-10.39245894196004,-16.422269924935645,-16.211205976472193
482,rulers,tool,yes,1,-10.106467982925874,-17.001801440775797,-16.236290540228183
483,coffee beans,food,yes,1,-9.872208014754865,-25.770214795523582,-14.647253827653987
484,icepicks,weapon,yes,1,-11.07728714571915,-21.999070897190627,-15.52447876788178
485,hot-water bottles,food,no,0,-9.872208014754865,-25.274168602263078,-16.536986857649236
486,tape measures,tool,yes,1,-10.106467982925874,-26.2783110583754,-16.833796962857207
487,dustpans,furniture,no,0,-15.378502283304199,-20.517895857929236,-19.02665970256769
488,abacuses,toy,no,0,-14.778533258953818,-24.125405151415748,-19.376248897560444
489,crabs,seafood,yes,1,-18.527978605988995,-16.30489705684124,-22.003935344626456
490,skunks,mammal,yes,1,-18.447204075344327,-18.05939445786742,-19.764739838628085
491,chicks,bird,yes,1,-9.550907329666211,-15.951720006046362,-15.88737552671878
492,dynamites,vehicle,no,0,-16.333382935021387,-24.935068176078417,-17.45730720270913
493,statues,food,no,0,-9.872208014754865,-17.297677599741505,-17.830917292233828
494,rafts,water vehicle,yes,1,-18.352663236385066,-14.84127116185897,-24.35520496192434
495,limes,food,yes,1,-9.872208014754865,-16.651713279585074,-17.055570701878327
496,leotards,clothing,yes,1,-17.877077981217823,-22.217261627331574,-17.276844766725684
497,grasshoppers,animal,yes,1,-10.488377315128824,-21.06180237366858,-15.685716762765924
498,razor blades,vehicle,no,0,-16.333382935021387,-26.104635452076955,-17.939479751425363
499,scallops,vegetable,no,0,-21.440018856463897,-17.783318597234913,-17.937130005487052
500,pudding,food,yes,1,-9.872208014754865,-17.897196791226868,-15.065890888886205
501,bowties,accessory,yes,1,-18.05284595785042,-19.25537197782996,-17.58389332437618
502,roosters,bird,yes,1,-9.550907329666211,-17.215541079232633,-16.144821205703423
503,roosters,toiletry,no,0,-20.378779853728535,-17.215541079232633,-24.00221779632888
504,lunchboxes,container,yes,1,-10.39245894196004,-23.959244092149476,-15.588513208549362
505,ducklings,food,no,0,-9.872208014754865,-25.287339394450747,-17.348637612488634
506,warthogs,mammal,yes,1,-18.447204075344327,-24.678511120247514,-19.877265360689094
507,mirrors,livestock,no,0,-17.2110523201245,-19.1016772007016,-23.582177997718592
508,calves,condiment,no,0,-18.930851295821803,-16.748073934357215,-19.706424448674937
509,goldfish,animal,yes,1,-10.488377315128824,-18.42629571272757,-16.070262777922714
510,spatulas,weapon,no,0,-11.07728714571915,-19.974348824719847,-16.121909940009132
511,olives,fruit,no,0,-10.40945006013787,-15.433040575186652,-14.662105000897073
512,seafood,food,yes,1,-9.872208014754865,-18.527978605988995,-14.075016400650977
513,rifles,mammal,no,0,-18.447204075344327,-17.385067667918804,-20.635119677084198
514,food processors,container,no,0,-10.39245894196004,-21.055159582809107,-17.249893165224297
515,car seats,vehicle,no,0,-16.333382935021387,-18.402467604188242,-17.066077042509164
516,puppies,animal,yes,1,-10.488377315128824,-17.960786232071047,-16.46543136564749
517,organs,musical instrument,yes,1,-24.314967442060933,-16.20069554593057,-24.38388548102381
518,ladders,tool,yes,1,-10.106467982925874,-17.886912259346417,-16.637365814475324
519,dollhouses,accessory,no,0,-18.05284595785042,-23.59145242863078,-17.755602625257644
520,toolboxes,container,yes,1,-10.39245894196004,-21.008720516029456,-14.920118539347696
521,dollhouses,toy,yes,1,-14.778533258953818,-23.59145242863078,-19.31944043488301
522,croissants,food,yes,1,-9.872208014754865,-18.062730819530145,-15.608973681692827
523,fish,food,yes,1,-9.872208014754865,-9.526645170115193,-15.68395371813152
524,sorbets,food,yes,1,-9.872208014754865,-25.931776637203928,-17.068842460823447
525,warthogs,animal,yes,1,-10.488377315128824,-24.678511120247514,-14.987221420697594
526,envelopes,auto part,no,0,-18.288343673302585,-21.002307881701324,-25.35609062078651
527,whipped cream,mammal,no,0,-18.447204075344327,-26.178223093870137,-21.59630211962677
528,combination locks,tool,yes,1,-10.106467982925874,-28.984292606762594,-16.368167992042007
529,cockroaches,animal,yes,1,-10.488377315128824,-21.854853865239097,-16.206985841219996
530,toast,food,yes,1,-9.872208014754865,-16.922289585851146,-15.548705397586142
531,rattlesnakes,food,no,0,-9.872208014754865,-21.489588944699324,-16.99528708046527
532,bassoons,animal,no,0,-10.488377315128824,-22.0162587155191,-16.79928135622583
533,crayons,toy,yes,1,-14.778533258953818,-17.462576872819028,-19.257802754838348
534,burritos,tool,no,0,-10.106467982925874,-17.463114469235173,-18.48531360372687
535,coffins,container,yes,1,-10.39245894196004,-19.157134895662068,-18.109693282623518
536,cantaloupes,breakfast,no,0,-18.78418620478066,-27.383184950778926,-17.19565850054398
537,cantaloupes,seafood,no,0,-18.527978605988995,-27.383184950778926,-20.308166864696755
538,latches,office supply,no,0,-20.94928532390783,-17.401587766326017,-27.942927674790994
539,slicers,electronic device,yes,1,-22.662907675225643,-22.20375338391742,-22.752435291620444
540,flies,tool,no,0,-10.106467982925874,-11.087614740842762,-17.187085989936804
541,calves,weapon,no,0,-11.07728714571915,-16.748073934357215,-16.173919039570027
542,lamps,electronic device,yes,1,-22.662907675225643,-16.33218671633965,-22.7665773924133
543,chalks,container,no,0,-10.39245894196004,-17.579607766885665,-17.2863100866586
544,scoops,food,no,0,-9.872208014754865,-18.019086906240926,-17.10932909389078
545,mirrors,breakfast,no,0,-18.78418620478066,-19.1016772007016,-18.503164552692166
546,mirrors,seafood,no,0,-18.527978605988995,-19.1016772007016,-23.123871914730696
547,boomerangs,toy,yes,1,-14.778533258953818,-22.329823588243052,-18.971545338654952
548,anteaters,animal,yes,1,-10.488377315128824,-19.20121486157287,-16.768865485340356
549,projectors,musical instrument,no,0,-24.314967442060933,-17.640179715142363,-22.484387017836497
550,mint,food,yes,1,-9.872208014754865,-10.146003237869532,-15.650929394553565
551,honey,breakfast,yes,1,-18.78418620478066,-15.453406582835195,-17.704308150668716
552,ovens,kitchen equipment,yes,1,-26.5135966010765,-16.685494615136943,-22.799633012577406
553,rocking chairs,furniture,yes,1,-15.378502283304199,-25.019392704256273,-19.684098947488938
554,knives,weapon,yes,1,-11.07728714571915,-16.75004969732313,-14.193871964313281
555,scones,breakfast,yes,1,-18.78418620478066,-19.032120161662366,-17.61201183859571
556,honey,fastener,no,0,-19.889042031684134,-15.453406582835195,-22.386303322292022
557,vacuum cleaners,tool,yes,1,-10.106467982925874,-22.748630529980353,-16.75758882507197
558,clippers,tool,yes,1,-10.106467982925874,-17.20040411466467,-15.637688092020513
559,urns,container,yes,1,-10.39245894196004,-13.463976247597934,-17.57846202902508
560,kneepads,protective clothing,yes,1,-24.315100319687286,-24.925249544338637,-25.230737601968343
561,mixers,electronic device,yes,1,-22.662907675225643,-15.728444044088121,-22.99821509947317
562,shortbread,vehicle,no,0,-16.333382935021387,-20.336119145403707,-20.107017190272856
563,shortbread,tool,no,0,-10.106467982925874,-20.336119145403707,-18.251195011714852
564,quills,food,no,0,-9.872208014754865,-15.176446070219658,-16.72048642422041
565,bats,weapon,yes,1,-11.07728714571915,-10.337537521978206,-16.167888930200462
566,jumpsuits,clothing,yes,1,-17.877077981217823,-20.46728702352089,-15.345904618574398
567,caterpillars,animal,yes,1,-10.488377315128824,-21.95113680968653,-16.223632255752914
568,pencil sharpeners,office supply,yes,1,-20.94928532390783,-33.58571159317571,-27.32885527435476
569,candy,food,yes,1,-9.872208014754865,-15.598849515845721,-15.734749686298994
570,peas,tool,no,0,-10.106467982925874,-13.766940109631168,-17.335513240504437
571,waffle irons,electronic device,yes,1,-22.662907675225643,-28.54090420927754,-22.291831166587414
572,peppers,animal,no,0,-10.488377315128824,-17.477671548152863,-16.411687244365265
573,hearing aids,tool,no,0,-10.106467982925874,-24.208585734819923,-16.085632024520006
574,cots,furniture,yes,1,-15.378502283304199,-14.80985937762281,-20.43821197722219
575,landmines,weapon,yes,1,-11.07728714571915,-20.079757170559848,-15.806672991874176
576,creme brulee,animal,no,0,-10.488377315128824,-28.992873984590886,-16.73871302939258
577,ants,mammal,no,0,-18.447204075344327,-9.134200290491016,-20.71368173457845
578,abacuses,office supply,no,0,-20.94928532390783,-24.125405151415748,-29.31619793138
579,microwaves,food,no,0,-9.872208014754865,-23.23871474740894,-16.62621334332608
580,pita,food,yes,1,-9.872208014754865,-15.745429145316086,-15.401200055828266
581,purses,clothing,no,0,-17.877077981217823,-17.88551625239682,-20.002420316094266
582,footrests,food,no,0,-9.872208014754865,-21.06033124550053,-17.093482596906053
583,lambs,livestock,yes,1,-17.2110523201245,-17.623594646686726,-21.63850344390356
584,crowns,jewelry,yes,1,-17.78827699571799,-18.020031086198934,-16.86974732539412
585,celeries,mammal,no,0,-18.447204075344327,-14.526109124677319,-20.257165721885436
586,bagels,breakfast,yes,1,-18.78418620478066,-18.830533197023048,-17.86587536929822
587,bow,clothing,yes,1,-17.877077981217823,-8.539041051305057,-18.305989908357866
588,stools,clothing,no,0,-17.877077981217823,-17.362289908245316,-17.906355348485505
589,sharks,animal,yes,1,-10.488377315128824,-16.162199728731828,-15.935234811258638
590,bullets,weapon,yes,1,-11.07728714571915,-16.343165361494805,-13.944279449373813
591,zucchini,vegetable,yes,1,-21.440018856463897,-17.337460248352702,-15.586542095516457
592,elephants,tool,no,0,-10.106467982925874,-22.983548125652312,-16.887686975765433
593,chips,tool,no,0,-10.106467982925874,-15.775568725192372,-16.547471153518487
594,cardinals,food,no,0,-9.872208014754865,-18.87190353445606,-18.143241657707073
595,stretchers,auto part,no,0,-18.288343673302585,-20.692892231058856,-25.69775692797891
596,cabinets,furniture,yes,1,-15.378502283304199,-19.709610460256663,-19.82474967128116
597,bolts,electronic device,no,0,-22.662907675225643,-18.067595702647516,-23.068470227604283
598,backscratchers,musical instrument,no,0,-24.314967442060933,-22.940530628533615,-23.866054685109745
599,turbans,headwear,yes,1,-18.544681317508008,-23.639664162133986,-21.152058940606707
600,shears,tool,yes,1,-10.106467982925874,-18.410981819236923,-17.399707120492614
601,tupperware,food,no,0,-9.872208014754865,-24.854024435143046,-17.14960473396962
602,bassoons,auto part,no,0,-18.288343673302585,-22.0162587155191,-26.57402650162147
603,watering cans,garden tool,yes,1,-26.96761409599526,-25.874982079573,-26.848734034950542
604,scarecrows,food,no,0,-9.872208014754865,-24.22178441146117,-16.375098339304493
605,bathtubs,container,yes,1,-10.39245894196004,-22.767544271957835,-17.483433339748554
606,headdresses,headwear,yes,1,-18.544681317508008,-23.740972335472243,-16.86709541256638
607,creme brulee,dessert,yes,1,-17.543418618538965,-28.992873984590886,-19.78282454030314
608,kites,clothing,no,0,-17.877077981217823,-15.069495838767281,-17.998546514188092
609,flasks,vegetable,no,0,-21.440018856463897,-17.928064325688627,-18.65541524635932
610,moose,animal,yes,1,-10.488377315128824,-17.002202590199666,-14.855405213782035
611,dresses,footwear,no,0,-18.63796391571983,-16.787040387826874,-18.532361460629534
612,toast,weapon,no,0,-11.07728714571915,-16.922289585851146,-17.332544170533204
613,toaster ovens,kitchen tool,no,0,-27.874688170687534,-25.79471809565838,-22.37266778282298
614,hoods,headwear,yes,1,-18.544681317508008,-14.89819156800758,-21.896751780988218
615,ducklings,home decor,no,0,-22.000615731536097,-25.287339394450747,-24.50265357275295
616,latches,livestock,no,0,-17.2110523201245,-17.401587766326017,-20.938052043516723
617,generators,electronic device,yes,1,-22.662907675225643,-15.75349113902696,-23.902170450339817
618,projectors,medical equipment,no,0,-19.106002639348333,-17.640179715142363,-22.310092024146424
619,pigeons,bird,yes,1,-9.550907329666211,-17.003038843867046,-14.895753560284751
620,moose,food,no,0,-9.872208014754865,-17.002202590199666,-15.718430890474735
621,roosters,protective clothing,no,0,-24.315100319687286,-17.215541079232633,-25.819257301657117
622,donkeys,livestock,yes,1,-17.2110523201245,-18.084955754899205,-21.367516262855894
623,spears,tool,no,0,-10.106467982925874,-15.752353052135739,-16.294547532704346
624,eggbeaters,tool,yes,1,-10.106467982925874,-24.863149361442538,-16.930137475276975
625,cannons,weapon,yes,1,-11.07728714571915,-18.280972802246307,-16.00492976667378
626,scoops,clothing,no,0,-17.877077981217823,-18.019086906240926,-17.923419232761734
627,kebabs,food,yes,1,-9.872208014754865,-20.37898410597888,-17.27156884412479
628,hearing aids,animal,no,0,-10.488377315128824,-24.208585734819923,-17.085050730595235
629,washing machines,electronic device,yes,1,-22.662907675225643,-20.54359681464075,-23.242079573033358
630,muffs,accessory,yes,1,-18.05284595785042,-17.105007951783495,-18.79740946522535
631,peelers,kitchen tool,yes,1,-27.874688170687534,-19.229284027394012,-22.651229061665504
632,tridents,mammal,no,0,-18.447204075344327,-16.727078350323985,-21.476646925979217
633,underwear,food,no,0,-9.872208014754865,-18.082989414772307,-17.441921498336395
634,shrimps,insect,no,0,-17.49313496335084,-17.058295640839834,-18.805787958696314
635,ivy,plant,yes,1,-10.587905040521907,-12.434750839485144,-17.226740485852353
636,jumpsuits,food,no,0,-9.872208014754865,-20.46728702352089,-16.6855935576049
637,bottles,container,yes,1,-10.39245894196004,-15.837397073597618,-16.56702563354235
638,rats,animal,yes,1,-10.488377315128824,-10.698036265030508,-16.143631993086878
639,computers,animal,no,0,-10.488377315128824,-17.2089935373488,-18.047953600620136
640,beanbags,furniture,yes,1,-15.378502283304199,-20.967345771835745,-19.044455958575085
641,raccoons,animal,yes,1,-10.488377315128824,-19.01234717207537,-15.242443032216244
642,bulls,vegetable,no,0,-21.440018856463897,-14.447447335871205,-17.86948230624865
643,icepicks,kitchen tool,yes,1,-27.874688170687534,-21.999070897190627,-21.927046388229087
644,license plates,auto part,yes,1,-18.288343673302585,-21.66741072454824,-23.810213878077924
645,roadsweepers,vehicle,yes,1,-16.333382935021387,-23.425959721032477,-17.939386456826064
646,bulls,container,no,0,-10.39245894196004,-14.447447335871205,-18.329108380998584
647,chinchillas,sea animal,no,0,-19.928937070677247,-18.883367824020127,-22.320813846974
648,wheels,auto part,yes,1,-18.288343673302585,-16.670905969329628,-23.940580374390663
649,whisks,vehicle,no,0,-16.333382935021387,-19.35304521123557,-19.4383158214916
650,gourds,fruit,no,0,-10.40945006013787,-18.312219877569156,-15.50200824470789
651,elephants,office supply,no,0,-20.94928532390783,-22.983548125652312,-29.623528739970688
652,puppies,office supply,no,0,-20.94928532390783,-17.960786232071047,-27.875862360813045
653,dresses,home decor,no,0,-22.000615731536097,-16.787040387826874,-23.389775079321467
654,robes,footwear,no,0,-18.63796391571983,-16.331823515501103,-20.463626263645434
655,drills,electronic device,yes,1,-22.662907675225643,-16.806599601926525,-22.704825721011453
656,mirrors,accessory,no,0,-18.05284595785042,-19.1016772007016,-19.8045629026386
657,hula hoops,toy,yes,1,-14.778533258953818,-27.012811852639878,-19.73256706506543
658,blouses,women's clothing,yes,1,-19.395486679733438,-17.14147757845609,-20.43573057253199
659,belts,animal,no,0,-10.488377315128824,-16.50618829077872,-17.107765421047194
660,frogs,insect,no,0,-17.49313496335084,-15.741765354657936,-18.285770041465526
661,figs,food,yes,1,-9.872208014754865,-12.571388593828654,-17.379505632803006
662,honey,animal,no,0,-10.488377315128824,-15.453406582835195,-15.968360531425763
663,penlights,tool,yes,1,-10.106467982925874,-20.468186693023814,-15.961091622795175
664,ducklings,tool,no,0,-10.106467982925874,-25.287339394450747,-17.259910728234505
665,knives,tool,yes,1,-10.106467982925874,-16.75004969732313,-15.579335095204872
666,seaplanes,food,no,0,-9.872208014754865,-22.936131418980253,-18.527817640119732
667,gazelles,animal,yes,1,-10.488377315128824,-18.07759253140728,-16.534539590894187
668,dresses,clothing,yes,1,-17.877077981217823,-16.787040387826874,-16.243966603719223
669,hinges,food,no,0,-9.872208014754865,-17.17833086971245,-17.086851884413676
670,scallops,jewelry,no,0,-17.78827699571799,-17.783318597234913,-17.820935737761452
671,briefcases,container,yes,1,-10.39245894196004,-23.616493715317407,-16.63418334902639
672,green beans,clothing,no,0,-17.877077981217823,-19.96630957516659,-21.90877050162392
673,fishbowls,food,no,0,-9.872208014754865,-24.715316836436514,-14.960215201176531
674,triangles,electronic device,no,0,-22.662907675225643,-19.475844643579634,-23.700606474854567
675,lasagna,kitchen equipment,no,0,-26.5135966010765,-21.1938010666665,-23.099259910337146
676,snakes,animal,yes,1,-10.488377315128824,-17.184929992313663,-15.838378157220689
677,leeches,mammal,no,0,-18.447204075344327,-18.896263532955814,-20.068931561081506
678,kegs,clothing,no,0,-17.877077981217823,-16.990190199710458,-18.348132125252558
679,ducklings,breakfast,no,0,-18.78418620478066,-25.287339394450747,-18.328549951473473
680,margaritas,accessory,no,0,-18.05284595785042,-22.431308444778246,-19.569483684707603
681,robes,home decor,no,0,-22.000615731536097,-16.331823515501103,-24.661534277741506
682,gophers,mammal,yes,1,-18.447204075344327,-17.81144422696397,-19.949165829595916
683,wheelbarrows,garden tool,no,0,-26.96761409599526,-28.6300142891224,-26.404337632173515
684,wolves,mammal,yes,1,-18.447204075344327,-10.730447048658622,-20.627692554730586
685,backscratchers,weapon,no,0,-11.07728714571915,-22.940530628533615,-15.457935347639719
686,mixers,tool,no,0,-10.106467982925874,-15.728444044088121,-16.312836329549338
687,swabs,food,no,0,-9.872208014754865,-15.759797373209341,-17.410464848708134
688,honeypots,container,yes,1,-10.39245894196004,-24.629748109956516,-17.20740519399798
689,cows,livestock,yes,1,-17.2110523201245,-15.145465077823424,-19.530475384271803
690,cakes,food,yes,1,-9.872208014754865,-10.534595929844825,-14.754968208008105
691,banana splits,food,yes,1,-9.872208014754865,-29.295183160262184,-16.676349850481916
692,patches,accessory,yes,1,-18.05284595785042,-17.746304578485024,-19.457386861759296
693,puffins,bird,yes,1,-9.550907329666211,-19.23448205686673,-15.958073400653756
694,turkeys,dessert,no,0,-17.543418618538965,-18.962265871720177,-20.42387538295152
695,seaplanes,water vehicle,yes,1,-18.352663236385066,-22.936131418980253,-21.212593886591677
696,dogs,animal,yes,1,-10.488377315128824,-10.844398107264665,-16.834242196639636
697,locks,fastener,yes,1,-19.889042031684134,-11.56125316920207,-22.057849405285076
698,amplifiers,electronic device,yes,1,-22.662907675225643,-20.14356374448873,-21.47167799480523
699,ducklings,bird,yes,1,-9.550907329666211,-25.287339394450747,-15.451671205883157
700,puppies,drink,no,0,-15.901127689636358,-17.960786232071047,-19.677709703681803
701,lasagna,home decor,no,0,-22.000615731536097,-21.1938010666665,-23.09392032687066
702,xylophones,musical instrument,yes,1,-24.314967442060933,-25.24702037564348,-25.41814718691968
703,plums,food,yes,1,-9.872208014754865,-15.965647053195799,-16.63770958750947
704,dynamites,plant,no,0,-10.587905040521907,-24.935068176078417,-17.467401583703346
705,roosters,office supply,no,0,-20.94928532390783,-17.215541079232633,-28.561197332099553
706,bracelets,clothing,yes,1,-17.877077981217823,-21.05369578651546,-16.620192875457608
707,iguanas,mammal,no,0,-18.447204075344327,-20.922286809081015,-21.194273009398714
708,gaskets,fastener,yes,1,-19.889042031684134,-17.709812311595062,-22.876772902944523
709,nuts,animal,no,0,-10.488377315128824,-10.345353243427848,-16.236835037330987
710,grilles,tool,no,0,-10.106467982925874,-18.548679257973095,-17.743849365837786
711,maple syrup,fastener,no,0,-19.889042031684134,-27.084791449285788,-20.3016940586609
712,water heaters,electronic device,yes,1,-22.662907675225643,-21.53174277892161,-23.383664676489882
713,envelopes,dessert,no,0,-17.543418618538965,-21.002307881701324,-21.239332592240327
714,jeeps,animal,no,0,-10.488377315128824,-18.1052076744366,-16.590746145095107
715,water filters,kitchen equipment,yes,1,-26.5135966010765,-20.405832477065694,-22.200176380557245
716,buses,animal,no,0,-10.488377315128824,-15.494397431845758,-16.316778782805986
717,clothes,clothing,yes,1,-17.877077981217823,-17.493136471961822,-15.521269515332472
718,beetles,animal,yes,1,-10.488377315128824,-19.039767161334648,-15.222018644502509
719,toast,sea animal,no,0,-19.928937070677247,-16.922289585851146,-24.492153967582517
720,batters,food,yes,1,-9.872208014754865,-17.400994048136702,-17.58690166028224
721,chairs,bird,no,0,-9.550907329666211,-11.368439837306715,-16.260950834399722
722,mashed potatoes,food,yes,1,-9.872208014754865,-23.87532853847274,-14.872256007827454
723,birthday cakes,mammal,no,0,-18.447204075344327,-30.134561606423198,-21.946478790847806
724,air conditioners,electronic device,yes,1,-22.662907675225643,-22.630524591566044,-21.93493365916356
725,skewers,tool,no,0,-10.106467982925874,-21.589834131013607,-16.5002673655959
726,pencil sharpeners,tool,yes,1,-10.106467982925874,-33.58571159317571,-14.464965605888732
727,turkeys,kitchen equipment,no,0,-26.5135966010765,-18.962265871720177,-23.045572860164548
728,cats,mammal,yes,1,-18.447204075344327,-10.189051290991294,-20.901373188794846
729,sawhorses,tool,yes,1,-10.106467982925874,-25.678967847192663,-16.535647633478764
730,elephants,women's clothing,no,0,-19.395486679733438,-22.983548125652312,-23.905016293942353
731,asparagus,vegetable,yes,1,-21.440018856463897,-17.439080899279148,-14.74531396314039
732,lemonades,tool,no,0,-10.106467982925874,-26.738980153714866,-16.998740269855325
733,scissors,weapon,yes,1,-11.07728714571915,-18.16910419746314,-15.030868142956656
734,hooks,fastener,yes,1,-19.889042031684134,-14.29871375183095,-23.1831623280333
735,ducklings,headwear,no,0,-18.544681317508008,-25.287339394450747,-21.746118795951674
736,cilantro,plant,yes,1,-10.587905040521907,-23.54473080264223,-15.716443684447338
737,stools,container,no,0,-10.39245894196004,-17.362289908245316,-16.362035384275124
738,zebras,accessory,no,0,-18.05284595785042,-18.64936954733936,-19.295249613263348
739,calculators,school supply,yes,1,-19.52552485147261,-20.66664604634821,-27.776161344523125
740,pantsuits,women's clothing,yes,1,-19.395486679733438,-22.608879195811454,-20.062926901859015
741,backscratchers,auto part,no,0,-18.288343673302585,-22.940530628533615,-25.963592613796663
742,whipped cream,container,no,0,-10.39245894196004,-26.178223093870137,-18.44758105177487
743,goats,mammal,yes,1,-18.447204075344327,-17.572528076312736,-20.421923516033335
744,calves,electronic device,no,0,-22.662907675225643,-16.748073934357215,-22.784651780830096
745,glasses,tool,no,0,-10.106467982925874,-17.750406016296505,-17.121590368176374
746,envelopes,accessory,no,0,-18.05284595785042,-21.002307881701324,-18.77131558636553
747,elephants,container,no,0,-10.39245894196004,-22.983548125652312,-18.02050756649352
748,hearses,vehicle,yes,1,-16.333382935021387,-20.64333253120583,-18.21631573322609
749,ostriches,food,no,0,-9.872208014754865,-20.594601166377075,-16.93844099392396
750,hawks,bird,yes,1,-9.550907329666211,-11.030510278591484,-16.523193598757867
751,lawnmowers,garden tool,yes,1,-26.96761409599526,-26.669254863025742,-26.279591651748866
752,luggage,container,yes,1,-10.39245894196004,-18.613627320661564,-15.690201661559021
753,bulls,kitchen tool,no,0,-27.874688170687534,-14.447447335871205,-24.773291874748036
754,ski boots,clothing,yes,1,-17.877077981217823,-20.93791151885729,-15.618994962591938
755,earrings,accessory,yes,1,-18.05284595785042,-19.11685551642879,-18.004792735825625
756,keyboards,musical instrument,yes,1,-24.314967442060933,-19.110431344882073,-21.850182911478267
757,erasers,tool,no,0,-10.106467982925874,-19.69446286288177,-15.707644020942649
758,coils,container,no,0,-10.39245894196004,-17.3341282541409,-16.70615485381238
759,giraffes,animal,yes,1,-10.488377315128824,-18.299961629023038,-16.151783411188323
760,leggings,clothing,yes,1,-17.877077981217823,-19.456728327850612,-17.755863564643903
761,piglets,animal,yes,1,-10.488377315128824,-19.24326631597388,-15.252684441508165
762,ferrets,mammal,yes,1,-18.447204075344327,-19.13798535218268,-20.000466682533208
763,flies,home decor,no,0,-22.000615731536097,-11.087614740842762,-24.900244940078064
764,ratchets,tool,yes,1,-10.106467982925874,-21.63450417277531,-17.467316953296862
765,joysticks,food,no,0,-9.872208014754865,-20.854994025064975,-17.04389522027876
766,poodles,mammal,yes,1,-18.447204075344327,-16.827446613420722,-19.79576675272131
767,kegs,home decor,no,0,-22.000615731536097,-16.990190199710458,-24.18140070361739
768,darts,weapon,yes,1,-11.07728714571915,-16.21068156764557,-16.078635640031848
769,footbaths,food,no,0,-9.872208014754865,-22.13091886075375,-16.999900480686822
770,veils,clothing,yes,1,-17.877077981217823,-17.15850118237589,-17.768253237080256
771,bacon,electronic device,no,0,-22.662907675225643,-15.65120428310108,-24.067132304296678
772,water heaters,container,yes,1,-10.39245894196004,-21.53174277892161,-18.19879898398124
773,badgers,mammal,yes,1,-18.447204075344327,-19.694983537755984,-20.262784365423684
774,birdcages,home decor,yes,1,-22.000615731536097,-24.489329405004554,-23.253576240067844
775,crowbars,tool,yes,1,-10.106467982925874,-21.81618124425679,-15.778724526904226
776,statues,home decor,yes,1,-22.000615731536097,-17.297677599741505,-24.936981068268494
777,teddy bears,toy,yes,1,-14.778533258953818,-31.979174597547964,-19.409032566334144
778,slicers,tool,no,0,-10.106467982925874,-22.20375338391742,-15.841554962339258
779,skunks,animal,yes,1,-10.488377315128824,-18.05939445786742,-16.159650820115676
780,perfumes,toiletry,yes,1,-20.378779853728535,-19.901309156264784,-23.509538577617775
781,buffets,food,yes,1,-9.872208014754865,-16.91527680685999,-16.31861912812442
782,cornbread,food,yes,1,-9.872208014754865,-20.142082256672186,-14.340395104332968
783,elephants,toy,no,0,-14.778533258953818,-22.983548125652312,-18.77358337538754
784,leeks,food,yes,1,-9.872208014754865,-17.345356591975772,-17.045626113740543
785,pancakes,breakfast,yes,1,-18.78418620478066,-17.47458496518453,-16.08616130126883
786,bulls,electronic device,no,0,-22.662907675225643,-14.447447335871205,-25.104904628927798
787,vests,clothing,yes,1,-17.877077981217823,-15.694505984271402,-19.101497218678066
788,eyeliners,toiletry,yes,1,-20.378779853728535,-28.65456426464589,-24.436074384081934
789,creme brulee,weapon,no,0,-11.07728714571915,-28.992873984590886,-15.206897715921015
790,computers,food,no,0,-9.872208014754865,-17.2089935373488,-18.05320230510662
791,pocketknives,tool,yes,1,-10.106467982925874,-23.331156559774136,-14.269572140085685
792,squirt guns,food,no,0,-9.872208014754865,-27.622279621268255,-18.556453290655472
793,oysters,food,yes,1,-9.872208014754865,-17.35442612775455,-16.53394289740745
794,torpedoes,weapon,yes,1,-11.07728714571915,-24.977339713186623,-14.370292289908798
795,buns,food,yes,1,-9.872208014754865,-15.082661817953316,-15.603155649200984
796,geese,plant,no,0,-10.587905040521907,-18.178804602023035,-16.454349661302555
797,saws,garden tool,yes,1,-26.96761409599526,-17.110640338885368,-27.007118511580128
798,coffeemakers,electronic device,yes,1,-22.662907675225643,-32.44820761008526,-24.213932629169115
799,zebras,condiment,no,0,-18.930851295821803,-18.64936954733936,-19.113858529738906
800,coasters,container,no,0,-10.39245894196004,-18.565398063487944,-17.137598403844514
801,centrifuges,food,no,0,-9.872208014754865,-22.573233812934845,-16.34206326778088
802,flies,breakfast,no,0,-18.78418620478066,-11.087614740842762,-17.698101935048072
803,pasta,food,yes,1,-9.872208014754865,-16.72469769515387,-16.094012406522417
804,brass knuckles,tool,no,0,-10.106467982925874,-22.656619092708695,-17.205265394809093
805,swabs,vehicle,no,0,-16.333382935021387,-15.759797373209341,-18.533528278584612
806,creme brulee,electronic device,no,0,-22.662907675225643,-28.992873984590886,-26.570713856187098
807,grapes,food,yes,1,-9.872208014754865,-17.680615377722575,-15.691659452919422
808,ducklings,school supply,no,0,-19.52552485147261,-25.287339394450747,-27.94655089321948
809,capes,vegetable,no,0,-21.440018856463897,-16.273352694762753,-18.180002102323325
810,meat,food,yes,1,-9.872208014754865,-10.27409848870561,-14.589921022790389
811,paperclips,school supply,yes,1,-19.52552485147261,-23.48228380889563,-27.222245486510676
812,ropes,food,no,0,-9.872208014754865,-13.765457055834004,-16.517803686514114
813,tridents,accessory,no,0,-18.05284595785042,-16.727078350323985,-20.957027134516657
814,radishes,vegetable,yes,1,-21.440018856463897,-18.835613003803797,-17.259952623502144
815,tea,vehicle,no,0,-16.333382935021387,-12.471633203529768,-18.468520746451258
816,fruitcakes,breakfast,no,0,-18.78418620478066,-21.755120388982554,-14.99825871247982
817,clams,food,yes,1,-9.872208014754865,-15.997187641683269,-17.541841721201493
818,ostriches,tool,no,0,-10.106467982925874,-20.594601166377075,-17.243822220562215
819,tupperware,container,yes,1,-10.39245894196004,-24.854024435143046,-15.056657556431512
820,hummingbirds,animal,yes,1,-10.488377315128824,-27.13999586316376,-15.214964066855885
821,puppies,breakfast,no,0,-18.78418620478066,-17.960786232071047,-17.80914568570848
822,brass knuckles,weapon,yes,1,-11.07728714571915,-22.656619092708695,-15.217741993435743
823,car doors,vehicle,no,0,-16.333382935021387,-18.808210140056662,-17.67827340529084
824,walruses,sea animal,yes,1,-19.928937070677247,-24.46279358313511,-23.045621789731708
825,turkeys,kitchen tool,no,0,-27.874688170687534,-18.962265871720177,-23.10538732932905
826,tuxedoes,clothing,yes,1,-17.877077981217823,-27.329373188976675,-17.706795103693132
827,meat,livestock,no,0,-17.2110523201245,-10.27409848870561,-19.83070654917035
828,binders,office supply,yes,1,-20.94928532390783,-16.71103819135825,-27.814386509707816
829,brushes,food,no,0,-9.872208014754865,-17.184588788109817,-16.92887923442372
830,almonds,food,yes,1,-9.872208014754865,-18.739727611343092,-15.69269087754535
831,jackets,plant,no,0,-10.587905040521907,-17.73441727363791,-17.327815206021658
832,puppies,mammal,yes,1,-18.447204075344327,-17.960786232071047,-20.839585750874186
833,yaks,animal,yes,1,-10.488377315128824,-16.405806616584368,-16.597681009335613
834,frogs,mammal,no,0,-18.447204075344327,-15.741765354657936,-19.901633262306355
835,lasagna,tool,no,0,-10.106467982925874,-21.1938010666665,-19.128713482708612
836,sheeps,office supply,no,0,-20.94928532390783,-20.99116666981182,-28.82413242704766
837,puppies,clothing,no,0,-17.877077981217823,-17.960786232071047,-18.416454260577797
838,weasels,tool,no,0,-10.106467982925874,-16.100811559279805,-16.35823460321622
839,tongs,container,no,0,-10.39245894196004,-17.041739733051287,-17.71954170142578
840,trowels,garden tool,yes,1,-26.96761409599526,-19.259723400003796,-27.365441831215318
841,dolls,food,no,0,-9.872208014754865,-17.253970752262664,-17.469483650491785
842,licorice,food,yes,1,-9.872208014754865,-18.841019169719367,-15.750632484387667
843,juicers,kitchen equipment,yes,1,-26.5135966010765,-23.386298887231124,-23.052598034267007
844,seaweeds,seafood,yes,1,-18.527978605988995,-23.86582617814239,-17.78644187193692
845,abacuses,toiletry,no,0,-20.378779853728535,-24.125405151415748,-24.551076933527742
846,eggbeaters,kitchen tool,yes,1,-27.874688170687534,-24.863149361442538,-22.887648202168762
847,thumbtacks,fastener,yes,1,-19.889042031684134,-26.67082477617453,-21.930623830661297
848,dynamites,auto part,no,0,-18.288343673302585,-24.935068176078417,-25.508694419466437
849,icepicks,tool,yes,1,-10.106467982925874,-21.999070897190627,-16.132491059324607
850,chains,plant,no,0,-10.587905040521907,-10.58622070355545,-18.28900930741354
851,caramels,dessert,yes,1,-17.543418618538965,-18.573045203989984,-20.442707687853428
852,strawberries,toy,no,0,-14.778533258953818,-21.03114848376704,-20.104006584742923
853,crayfish,vegetable,no,0,-21.440018856463897,-18.95846468758191,-17.057091835907404
854,turkeys,food,yes,1,-9.872208014754865,-18.962265871720177,-15.442022907943548
855,cruise ships,vehicle,yes,1,-16.333382935021387,-23.053550996667468,-17.97345571905704
856,canes,seafood,no,0,-18.527978605988995,-16.784524130510555,-20.70880006840396
857,cocktails,bird,no,0,-9.550907329666211,-21.371715164674747,-15.869807279744643
858,stools,animal,no,0,-10.488377315128824,-17.362289908245316,-17.335570915008034
859,straps,fastener,yes,1,-19.889042031684134,-16.60494096726189,-21.816762597452
860,food processors,electronic device,yes,1,-22.662907675225643,-21.055159582809107,-24.827989714209895
861,latches,headwear,no,0,-18.544681317508008,-17.401587766326017,-21.303900352774185
862,sheeps,electronic device,no,0,-22.662907675225643,-20.99116666981182,-24.80499528054642
863,sheeps,tool,no,0,-10.106467982925874,-20.99116666981182,-18.015829063943837
864,whisks,medical equipment,no,0,-19.106002639348333,-19.35304521123557,-25.454697305051553
865,axes,tool,yes,1,-10.106467982925874,-14.312069746165225,-16.638905590994387
866,brakes,container,no,0,-10.39245894196004,-19.00974143105328,-17.890073313911785
867,couches,furniture,yes,1,-15.378502283304199,-17.96072971945098,-19.111457325219366
868,creme brulee,container,no,0,-10.39245894196004,-28.992873984590886,-19.12272324406285
869,toaster ovens,kitchen equipment,yes,1,-26.5135966010765,-25.79471809565838,-23.236666062196242
870,coleslaws,container,no,0,-10.39245894196004,-27.080740909318177,-17.957653085617174
871,eggnog,drink,yes,1,-15.901127689636358,-19.579897779244668,-19.186953228307296
872,footrests,clothing,no,0,-17.877077981217823,-21.06033124550053,-16.6577402389183
873,catfish,vegetable,no,0,-21.440018856463897,-17.637551351959704,-17.457302834757968
874,zebras,animal,yes,1,-10.488377315128824,-18.64936954733936,-16.752642790950055
875,penguins,bird,yes,1,-9.550907329666211,-20.602692675126356,-15.383171939528008
876,jets,vehicle,yes,1,-16.333382935021387,-13.636784106877734,-18.24663891101521
877,rams,mammal,yes,1,-18.447204075344327,-11.028279541569617,-20.57613216649166
878,bonsai,home decor,yes,1,-22.000615731536097,-21.442365573852435,-23.403554635467113
879,corsages,animal,no,0,-10.488377315128824,-20.31035486720744,-16.830224903482893
880,blackberries,fruit,yes,1,-10.40945006013787,-19.832919597254303,-13.205238180533538
881,lockets,jewelry,yes,1,-17.78827699571799,-18.579126023723845,-17.289492522490878
882,zebras,furniture,no,0,-15.378502283304199,-18.64936954733936,-20.02207202236247
883,mops,tool,yes,1,-10.106467982925874,-15.656143901781093,-15.989684731428493
884,mongooses,mammal,yes,1,-18.447204075344327,-24.255031540315997,-19.84379385113255
885,bolts,weapon,no,0,-11.07728714571915,-18.067595702647516,-15.888931855638129
886,chainsaws,weapon,yes,1,-11.07728714571915,-21.21965706723084,-14.515765908061105
887,shawls,accessory,yes,1,-18.05284595785042,-20.154342495325444,-19.57827104213584
888,squirt guns,toy,yes,1,-14.778533258953818,-27.622279621268255,-19.440951700314095
889,recorders,electronic device,no,0,-22.662907675225643,-18.384416045067102,-22.0994212589545
890,curling irons,toiletry,yes,1,-20.378779853728535,-25.843208558915894,-23.76770823168137
891,jukeboxes,food,no,0,-9.872208014754865,-22.372360824872413,-16.843128308812567
892,chicken,animal,yes,1,-10.488377315128824,-16.73158912160614,-15.933102464761692
893,leeches,food,no,0,-9.872208014754865,-18.896263532955814,-15.871077921128114
894,pickles,vegetable,no,0,-21.440018856463897,-19.178401969715154,-16.33082492957977
895,noodles,vehicle,no,0,-16.333382935021387,-17.32613479471657,-18.57809315889464
896,jackets,animal,no,0,-10.488377315128824,-17.73441727363791,-16.993520013455893
897,figurines,home decor,yes,1,-22.000615731536097,-19.887705857026955,-24.447134908894373
898,cocktails,mammal,no,0,-18.447204075344327,-21.371715164674747,-20.336436019016872
899,dalmatians,animal,yes,1,-10.488377315128824,-24.38797282318654,-15.998582832388175
900,bonnets,accessory,yes,1,-18.05284595785042,-20.66375558259005,-18.658777660667266
901,razors,container,no,0,-10.39245894196004,-15.039327118755196,-17.59147964091576
902,jelly beans,musical instrument,no,0,-24.314967442060933,-24.3453240400726,-23.81230559023275
903,sardines,animal,yes,1,-10.488377315128824,-22.544619729126858,-16.042805847103125
904,shredders,electronic device,yes,1,-22.662907675225643,-19.369532774823405,-23.76133936209522
905,highchairs,furniture,yes,1,-15.378502283304199,-22.59343991032478,-19.249242943151394
906,dynamites,bird,no,0,-9.550907329666211,-24.935068176078417,-16.170096795874702
907,lab coats,protective clothing,yes,1,-24.315100319687286,-21.615310101848333,-22.146940060192065
908,refrigerators,electronic device,yes,1,-22.662907675225643,-22.34778856138316,-23.629296950478473
909,fruit punches,drink,yes,1,-15.901127689636358,-22.114380912220902,-19.067700797151637
910,asparagus,fruit,no,0,-10.40945006013787,-17.439080899279148,-14.71372346801994
911,buses,food,no,0,-9.872208014754865,-15.494397431845758,-17.046448590468852
912,zebras,school supply,no,0,-19.52552485147261,-18.64936954733936,-28.493563508927018
913,cables,food,no,0,-9.872208014754865,-15.243125130201456,-17.85607593543113
914,jelly beans,furniture,no,0,-15.378502283304199,-24.3453240400726,-19.87045515664218
915,pigs,mammal,yes,1,-18.447204075344327,-16.104796469817238,-20.38031064990519
916,chicken,bird,yes,1,-9.550907329666211,-16.73158912160614,-15.242371638349582
917,skirts,clothing,yes,1,-17.877077981217823,-11.180620152490937,-17.71268866715446
918,incubators,container,no,0,-10.39245894196004,-19.61433100340723,-16.99485089039657
919,lightbulbs,food,no,0,-9.872208014754865,-21.178517727214228,-17.37758377705982
920,margaritas,vehicle,no,0,-16.333382935021387,-22.431308444778246,-18.932786854309345
921,peanuts,food,yes,1,-9.872208014754865,-19.403002606356726,-14.26325475482112
922,strawberries,home decor,no,0,-22.000615731536097,-21.03114848376704,-23.1392782531598
923,ice creams,dessert,yes,1,-17.543418618538965,-20.930815165953952,-17.79459602217397
924,limousines,vehicle,yes,1,-16.333382935021387,-27.506891530002605,-18.753852287309375
925,whipped cream,weapon,no,0,-11.07728714571915,-26.178223093870137,-17.777617811901564
926,scallops,clothing,no,0,-17.877077981217823,-17.783318597234913,-18.217449199877887
927,footrests,furniture,yes,1,-15.378502283304199,-21.06033124550053,-18.62427475668713
928,bracelets,jewelry,yes,1,-17.78827699571799,-21.05369578651546,-16.34156133659559
929,margaritas,insect,no,0,-17.49313496335084,-22.431308444778246,-17.215784384320102
930,crayons,school supply,yes,1,-19.52552485147261,-17.462576872819028,-27.656023039061356
931,tape recorders,electronic device,yes,1,-22.662907675225643,-24.70073840815388,-21.812082335833185
932,anklets,food,no,0,-9.872208014754865,-18.24486773943992,-16.430470167433604
933,sandwiches,breakfast,yes,1,-18.78418620478066,-20.213986055378616,-14.865885006728158
934,faucets,tool,yes,1,-10.106467982925874,-19.012584539942846,-17.063906267558288
935,funnels,clothing,no,0,-17.877077981217823,-19.82945944012986,-18.561125381606583
936,abacuses,vehicle,no,0,-16.333382935021387,-24.125405151415748,-18.293795376067763
937,shorts,food,no,0,-9.872208014754865,-15.905295039337856,-17.209197047701114
938,lab coats,outerwear,yes,1,-22.161510416729683,-21.615310101848333,-18.647324940131504
939,foxes,animal,yes,1,-10.488377315128824,-16.90226608265247,-16.12155836556231
940,ski boots,home decor,no,0,-22.000615731536097,-20.93791151885729,-23.257820475475434
941,sweepers,food,no,0,-9.872208014754865,-19.095227704554166,-16.820547151349995
942,axes,garden tool,yes,1,-26.96761409599526,-14.312069746165225,-27.041919057361767
943,bassoons,mammal,no,0,-18.447204075344327,-22.0162587155191,-20.340210686244546
944,ski boots,candy,no,0,-15.598849515845721,-20.93791151885729,-18.506951884864115
945,ducklings,fruit,no,0,-10.40945006013787,-25.287339394450747,-16.835208363107323
946,gorillas,clothing,no,0,-17.877077981217823,-19.804608703708897,-18.974698092067566
947,tube tops,vehicle,no,0,-16.333382935021387,-22.995983324712174,-19.14280353916628
948,tambourines,musical instrument,yes,1,-24.314967442060933,-21.72422982433142,-21.79359443091364
949,hippos,animal,yes,1,-10.488377315128824,-18.5566414536372,-15.954189770553748
950,calves,container,no,0,-10.39245894196004,-16.748073934357215,-17.298416324783044
951,trombones,food,no,0,-9.872208014754865,-21.502965228317557,-16.82997915407168
952,honey,medical equipment,no,0,-19.106002639348333,-15.453406582835195,-24.38267437569295
953,margaritas,plant,no,0,-10.587905040521907,-22.431308444778246,-15.5957075356191
954,caramels,candy,yes,1,-15.598849515845721,-18.573045203989984,-18.656167232177282
955,tractors,tool,no,0,-10.106467982925874,-19.044762934126915,-15.713236986195614
956,toothpaste,toiletry,yes,1,-20.378779853728535,-21.0457601216036,-25.16449307952238
957,tiramisu,tool,no,0,-10.106467982925874,-25.828143761221167,-18.15887009692059
958,roosters,game,no,0,-8.622544389345105,-17.215541079232633,-14.768493703184381
959,corsets,women's clothing,yes,1,-19.395486679733438,-18.329031543781564,-21.350202233633972
960,highlighters,food,no,0,-9.872208014754865,-19.594425864031454,-17.603416326635152
961,backscratchers,toy,no,0,-14.778533258953818,-22.940530628533615,-18.879582132425767
962,sledgehammers,tool,yes,1,-10.106467982925874,-27.03793294998785,-16.66318301234101
963,margaritas,kitchen tool,no,0,-27.874688170687534,-22.431308444778246,-24.142226091959387
964,bassoons,electronic device,no,0,-22.662907675225643,-22.0162587155191,-24.886393652630566
965,chains,vehicle,no,0,-16.333382935021387,-10.58622070355545,-18.93251494645408
966,milkshakes,drink,yes,1,-15.901127689636358,-22.3175241391974,-16.560440098690492
967,envelopes,tool,no,0,-10.106467982925874,-21.002307881701324,-16.349103452367373
968,drills,weapon,no,0,-11.07728714571915,-16.806599601926525,-15.376805577060761
969,weeds,plant,yes,1,-10.587905040521907,-17.506043460259228,-16.36738653520143
970,pickles,drink,no,0,-15.901127689636358,-19.178401969715154,-18.489271889963714
971,tambourines,food,no,0,-9.872208014754865,-21.72422982433142,-15.42969009452783
972,speedboats,vehicle,yes,1,-16.333382935021387,-21.972276651291025,-17.971693853376927
973,roosters,women's clothing,no,0,-19.395486679733438,-17.215541079232633,-22.80708946636863
974,highlighters,school supply,yes,1,-19.52552485147261,-19.594425864031454,-27.878596488854143
975,cinnamon,clothing,no,0,-17.877077981217823,-18.131930284547607,-19.95142331421798
976,deers,animal,yes,1,-10.488377315128824,-15.480546559042095,-17.191832463501704
977,boas,food,no,0,-9.872208014754865,-14.94080434590327,-16.863748441944658
978,joysticks,tool,no,0,-10.106467982925874,-20.854994025064975,-15.761229072061328
979,pigs,livestock,yes,1,-17.2110523201245,-16.104796469817238,-20.683291983546475
980,caterpillars,insect,yes,1,-17.49313496335084,-21.95113680968653,-17.90213676970632
981,chickpeas,mammal,no,0,-18.447204075344327,-27.25217884933132,-20.299393240523695
982,highlighters,electronic device,no,0,-22.662907675225643,-19.594425864031454,-22.23649488548763
983,chapsticks,clothing,yes,1,-17.877077981217823,-24.658239735336828,-17.840805060578276
984,backscratchers,home decor,no,0,-22.000615731536097,-22.940530628533615,-24.477554563410006
985,bananas,weapon,no,0,-11.07728714571915,-19.658958067809685,-16.88550267574385
986,bulls,medical equipment,no,0,-19.106002639348333,-14.447447335871205,-25.002424166537132
987,crepes,breakfast,yes,1,-18.78418620478066,-18.017001434843824,-16.681829433914604
988,rolls,breakfast,yes,1,-18.78418620478066,-14.30090006317724,-18.256478015722095
989,stretchers,water vehicle,no,0,-18.352663236385066,-20.692892231058856,-25.315027620599096
990,spam,food,yes,1,-9.872208014754865,-14.379858639758245,-16.72337311317479
991,crayfish,tool,no,0,-10.106467982925874,-18.95846468758191,-18.178204672839858
992,potatoes,vegetable,yes,1,-21.440018856463897,-19.55463254341815,-15.223287172910563
993,chinchillas,bird,no,0,-9.550907329666211,-18.883367824020127,-15.715078016394365
994,antelopes,animal,yes,1,-10.488377315128824,-25.06678709673626,-15.88334596716523
995,taffy,water vehicle,no,0,-18.352663236385066,-17.416575244871005,-24.286920434510606
996,overalls,clothing,yes,1,-17.877077981217823,-18.999253562298836,-17.91536057909448
997,cantaloupes,clothing,no,0,-17.877077981217823,-27.383184950778926,-18.027400952164086
998,mirrors,office supply,no,0,-20.94928532390783,-19.1016772007016,-29.055324994122927
999,lunchboxes,school supply,yes,1,-19.52552485147261,-23.959244092149476,-26.605235030722625
1000,gums,candy,yes,1,-15.598849515845721,-15.506417235307438,-18.41032427920687
1001,drums,food,no,0,-9.872208014754865,-17.349026574496847,-16.981402464498117
1002,jackets,livestock,no,0,-17.2110523201245,-17.73441727363791,-22.398660801096668
1003,wheelchairs,vehicle,yes,1,-16.333382935021387,-22.55999642269603,-17.152921310191733
1004,dustpans,electronic device,no,0,-22.662907675225643,-20.517895857929236,-23.290718155218315
1005,roosters,weapon,no,0,-11.07728714571915,-17.215541079232633,-16.744376438447073
1006,calves,school supply,no,0,-19.52552485147261,-16.748073934357215,-27.467453218747444
1007,coils,tool,yes,1,-10.106467982925874,-17.3341282541409,-16.153886000845013
1008,geese,mammal,no,0,-18.447204075344327,-18.178804602023035,-20.064276648166764
1009,yogurts,breakfast,yes,1,-18.78418620478066,-25.73351576568295,-17.874876538017556
1010,bow,accessory,yes,1,-18.05284595785042,-8.539041051305057,-18.469172005930147
1011,ladles,tool,yes,1,-10.106467982925874,-17.183713131991375,-17.43156740688023
1012,popcorn,food,yes,1,-9.872208014754865,-18.932592653077272,-14.548294860283418
1013,defibrillators,electronic device,yes,1,-22.662907675225643,-20.02012063639127,-21.786978587572868
1014,clovers,vehicle,no,0,-16.333382935021387,-17.750548290418042,-18.951791463662953
1015,racks,sea animal,no,0,-19.928937070677247,-16.089794854858052,-24.16856323590166
1016,cables,tool,yes,1,-10.106467982925874,-15.243125130201456,-15.457926535212259
1017,backscratchers,school supply,no,0,-19.52552485147261,-22.940530628533615,-27.472230986959193
