n,n_pos,n_neg,raw_gen_roc,raw_val_roc,raw_val_acc,raw_pearson,raw_spearman,raw_concordance,raw_gen_mean,raw_gen_std,raw_gen_iqr,raw_val_mean,raw_val_std,tc_gen_roc,tc_val_roc,tc_val_acc,tc_pearson,tc_spearman,tc_concordance,tc_gen_mean,tc_gen_std,tc_gen_iqr,tc_val_mean,tc_val_std,lenorm_gen_roc,lenorm_val_roc,lenorm_val_acc,lenorm_pearson,lenorm_spearman,lenorm_concordance,lenorm_gen_mean,lenorm_gen_std,lenorm_gen_iqr,lenorm_val_mean,lenorm_val_std,tc_lenorm_gen_roc,tc_lenorm_val_roc,tc_lenorm_val_acc,tc_lenorm_pearson,tc_lenorm_spearman,tc_lenorm_concordance,tc_lenorm_gen_mean,tc_lenorm_gen_std,tc_lenorm_gen_iqr,tc_lenorm_val_mean,tc_lenorm_val_std,setting,epoch,tc_eval,filename
2068,1014,1054,0.9584526309092066,0.973341904045451,0.9313346228239845,0.8064108131263842,0.7812790923549229,0.7791333613798906,-16.796530847853802,9.831197474259357,16.3603515625,-1.7410455768643311,9.176335653694379,0.9756848148688756,0.973341904045451,0.9313346228239845,0.8630297396846527,0.8259847944995261,0.8029893209913647,7.4564629728605025,9.360593779409545,15.9375,-1.7410455768643311,9.176335653694379,0.9431876873673691,0.973341904045451,0.9313346228239845,0.7902862059854027,0.7812012785430958,0.7819554896736844,-12.587545836649296,8.017493615155606,13.1171875,-1.7410455768643311,9.176335653694379,0.961330275572722,0.973341904045451,0.9313346228239845,0.7991235455357757,0.777034917013259,0.7747480616272314,5.681908867676921,7.48803209006625,11.618651390075684,-1.7410455768643311,9.176335653694379,s3 (TC-self),2,self,scores_basetyp-v7-gemma-2-9b-it-d2.69-e2-membership-sans-rosch-v0-all-tcs-nv1-ng1-vlo-fsx-ppd-sm0.1-fix1_membership-sans-rosch-v0_train_log-odds_tc_20260608.csv
2068,1014,1054,0.9569611772939753,0.9729002690979046,0.9211798839458414,0.777067430402129,0.7673284830793959,0.7710408690946263,-14.73640310925718,8.404464620254638,13.4375,-1.4174493542607565,7.599444680314805,0.9748759305210919,0.9729002690979046,0.9211798839458414,0.8408720113972313,0.8152193938872802,0.7968994111284702,9.516590711457125,7.991422189790573,13.03125,-1.4174493542607565,7.599444680314805,0.941125008888839,0.9729002690979046,0.9211798839458414,0.775412929638893,0.7710736289454379,0.7761789285929014,-11.03235515420626,6.758771184300828,10.867513020833332,-1.4174493542607565,7.599444680314805,0.9443787917915782,0.9729002690979046,0.9211798839458414,0.7461707034650512,0.7297452835274255,0.7545764069697577,7.2370995501199555,6.455349598757679,10.0625,-1.4174493542607565,7.599444680314805,s3 (TC-self),0,self,scores_basetyp-v7-gemma-2-9b-it-d2.69-e0-membership-sans-rosch-v0-all-tcs-nv1-ng1-vlo-fsx-ppd-sm0.1-fix1_membership-sans-rosch-v0_train_log-odds_tc_20260608.csv
2068,1014,1054,0.9510253041854267,0.9733624887252095,0.9342359767891683,0.7767907274520168,0.7658366839081333,0.7704812877102251,-14.780792356229151,8.525303517300243,13.251220703125,-1.340013264572136,8.450650566028447,0.9711664776618798,0.9733624887252095,0.9342359767891683,0.8422627758072104,0.8160370962939812,0.7980807757031814,9.472201464485154,8.030138774717424,12.9921875,-1.340013264572136,8.450650566028447,0.9404204514407404,0.9733624887252095,0.9342359767891683,0.7791051797624325,0.7678487855961742,0.7734151083318301,-11.012368125555167,6.709063400733274,10.90625,-1.340013264572136,8.450650566028447,0.9395769474042719,0.9733624887252095,0.9342359767891683,0.7567545093394373,0.7359506175551618,0.7568861555720267,7.257086578771051,6.4571229744432905,9.979166666666668,-1.340013264572136,8.450650566028447,s3 (TC-self),1,self,scores_basetyp-v7-gemma-2-9b-it-d2.69-e1-membership-sans-rosch-v0-all-tcs-nv1-ng1-vlo-fsx-ppd-sm0.1-fix1_membership-sans-rosch-v0_train_log-odds_tc_20260608.csv
2068,1014,1054,0.7335776360553765,0.963625935199428,0.9187620889748549,0.338500669015461,0.3791284912530228,0.628628286564284,-30.67852627055096,6.453649400775085,6.67578125,-1.7275483648597156,11.557073722346363,0.8513369749503161,0.963625935199428,0.9187620889748549,0.5631927938639147,0.5847638308300265,0.7050340902234469,-6.425532449836657,4.1950932772182,5.09765625,-1.7275483648597156,11.557073722346363,0.6811269363633982,0.963625935199428,0.9187620889748549,0.3388675603352673,0.3614159127636198,0.6221154619281177,-23.114172141110796,6.662926732493975,11.39453125,-1.7275483648597156,11.557073722346363,0.8253956001182682,0.963625935199428,0.9187620889748549,0.5713970697367539,0.571405433972444,0.6986827551533434,-4.844717436784581,3.210646422320218,4.5,-1.7275483648597156,11.557073722346363,Base,-1,self,scores_basetyp-v6-google_gemma-2-9b-it_membership-sans-rosch-v0_train_log-odds_tc_20260607.csv
2068,1014,1054,0.9381411659911149,0.9714958325380162,0.9332688588007737,0.743973620325645,0.778576076723097,0.7832271506992027,-17.98984924310411,11.54101494144539,16.88983154296875,-1.39670703305036,9.502917273385513,0.9591085336596942,0.9714958325380162,0.9332688588007737,0.8009898893305694,0.822464163847792,0.8020476448077578,12.905928281220524,9.585752780761025,14.4765625,-1.39670703305036,9.502917273385513,0.9458225263764601,0.9714958325380162,0.9332688588007737,0.7970525292907045,0.8058942195596355,0.797527698194859,-13.140189576736416,8.31356895468954,13.5625,-1.39670703305036,9.502917273385513,0.8970312213451901,0.9714958325380162,0.9332688588007737,0.6950840908099074,0.6943046249283072,0.7461388994611486,10.087868428736462,7.848109455132871,12.015625,-1.39670703305036,9.502917273385513,s12 (TC-neg vlo),0,neg,scores_basetypneg-v7-gemma-2-9b-it-d2.69-e0-membership-sans-rosch-v0-all-tcn-nv1-ng1-vlo-sm0.1-fix1_membership-sans-rosch-v0_train_log-odds_tc_20260607.csv
2068,1014,1054,0.9100196864391873,0.9615712098926228,0.9187620889748549,0.7114761439846264,0.7370394336493132,0.7625864661654135,-23.185110752541046,8.068239635724392,11.03076171875,-0.2744420599660744,5.766921407524142,0.9580035106235663,0.9615712098926228,0.9187620889748549,0.8382147876576491,0.841205185305978,0.8163923911082603,1.0678830681732592,7.042617357602539,11.44140625,-0.2744420599660744,5.766921407524142,0.833473683422596,0.9615712098926228,0.9187620889748549,0.6572318443836658,0.6408272058678189,0.7300906247493785,-17.554925629147686,7.4172277319664826,12.10546875,-0.2744420599660744,5.766921407524142,0.9518879894007612,0.9615712098926228,0.9187620889748549,0.7947275314219842,0.8114533785717776,0.7972257857601026,0.7145290751785296,5.5814589521165505,7.696746826171875,-0.2744420599660744,5.766921407524142,s5 (TC-self basic),2,self,scores_basetyp-v7-google--gemma-2-9b-it-delta1.42-epoch2--membership-sans-rosch-v0-all--d2g--random--alpha1.0--tc-self--full-completion--semi0.1--fix1_merged_membership-sans-rosch-v0_train_log-odds_tc_20260607.csv
2068,1014,1054,0.9237604280116323,0.9774522903263233,0.937137330754352,0.6920600513333652,0.705795270392792,0.7512871366468338,-16.76966967435132,9.687673691295098,15.291178703308105,0.32151090358050693,8.954037409997046,0.8871875339179383,0.9774522903263233,0.937137330754352,0.6444202240973977,0.6483224903174565,0.7274749053314901,14.126107849973314,9.055325760721077,13.0,0.32151090358050693,8.954037409997046,0.9105539524456471,0.9774522903263233,0.937137330754352,0.6737047059743516,0.6836868003887314,0.7396146296518847,-12.608920999991968,8.02013593287302,12.0703125,0.32151090358050693,8.954037409997046,0.8526295992724251,0.9774522903263233,0.937137330754352,0.565834874397394,0.5703288322510904,0.6936604907361041,10.61913700548091,7.519886186962019,10.753888487815857,0.32151090358050693,8.954037409997046,s1 (SFT-lo),0,neg,scores_basetypneg-v7-gemma-2-9b-it-d1.43-e0-membership-sans-rosch-v0-all-p0-nv1-ng1-lo0.1-fix1_membership-sans-rosch-v0_train_log-odds_tc_20260607.csv
2068,1014,1054,0.924655861581128,0.9776543944548615,0.9308510638297872,0.6880402193838728,0.714286143050233,0.7579746733990542,-17.426209940439957,10.182899006193077,15.765625,-0.8722443563910471,9.896150425067994,0.8856104667482567,0.9776543944548615,0.9308510638297872,0.644218910043068,0.6500041705732882,0.7278754857577822,13.469567583884677,9.63614061757015,13.8138427734375,-0.8722443563910471,9.896150425067994,0.9078087046996696,0.9776543944548615,0.9308510638297872,0.6622168398221668,0.6755877766305137,0.7368210142459276,-13.14513781675677,8.509413475016657,12.5546875,-0.8722443563910471,9.896150425067994,0.858997282822272,0.9776543944548615,0.9308510638297872,0.5739141487762632,0.591573380217009,0.7029300434599748,10.082920188716106,7.889575421017725,11.087890625,-0.8722443563910471,9.896150425067994,s1 (SFT-lo),1,neg,scores_basetypneg-v7-gemma-2-9b-it-d1.43-e1-membership-sans-rosch-v0-all-p0-nv1-ng1-lo0.1-fix1_membership-sans-rosch-v0_train_log-odds_tc_20260607.csv
2068,1014,1054,0.968982630272953,0.9767149845240635,0.9356866537717602,0.8148134749583125,0.8189812238639943,0.7975842314009856,-12.53723911482776,7.12243579694565,11.134765625,-0.4028268736324181,8.005999980428436,0.8494558159205656,0.9767149845240635,0.9356866537717602,0.6036068966175322,0.6007258404323144,0.708870903117237,18.358538409496877,8.056456388463516,10.40625,-0.4028268736324181,8.005999980428436,0.9202521436136967,0.9767149845240635,0.9356866537717602,0.7239039230030079,0.7332097446572047,0.7583582059654254,-9.66995954382998,6.228432560296283,9.328125,-0.4028268736324181,8.005999980428436,0.8168487475158034,0.9767149845240635,0.9356866537717602,0.5592969378418378,0.5374745259644345,0.6833860822883698,13.558098461642894,6.183527958135449,9.01953125,-0.4028268736324181,8.005999980428436,s4 (RA full),0,neg,scores_basetypneg-v7-gemma-2-9b-it-d2.69-e0-membership-sans-rosch-v0-all-nv1-ng1-vlo-fsx-ppd-sm0.1-fix1_membership-sans-rosch-v0_train_log-odds_tc_20260607.csv
2068,1014,1054,0.9303344261926951,0.9744422487452702,0.9332688588007737,0.7227580483442198,0.7365552660955583,0.7615489402620297,-17.89422064350929,11.04070952342155,16.186023712158203,-0.6521018472584811,8.621321767259849,0.9638837115300404,0.9744422487452702,0.9332688588007737,0.8135381426660004,0.8053957359473645,0.7929037945265858,13.001556880815347,8.714241992612184,13.4375,-0.6521018472584811,8.621321767259849,0.9433177451167526,0.9744422487452702,0.9332688588007737,0.783498206777338,0.7760519763013667,0.7794094078051126,-13.016469658778782,7.91667947650689,12.955053567886353,-0.6521018472584811,8.621321767259849,0.8966723929503086,0.9744422487452702,0.9332688588007737,0.690509438220777,0.6650476808519651,0.7308678580014424,10.211588346694093,7.41944307049336,11.3916015625,-0.6521018472584811,8.621321767259849,s7 (TC-neg),0,neg,scores_basetypneg-v7-gemma-2-9b-it-d2.69-e0-membership-sans-rosch-v0-all-tcn-nv1-ng1-vlo-fsx-ppd-sm0.1-fix1_membership-sans-rosch-v0_train_log-odds_tc_20260607.csv
2068,1014,1054,0.9674018204342245,0.975720370224822,0.9323017408123792,0.8374452977039325,0.829164205213414,0.8015828491284311,-13.898141560287034,8.372254513385077,13.688657760620117,-1.1205315717011401,9.415741520832041,0.8773153086392029,0.975720370224822,0.9323017408123792,0.6716655107903079,0.6656904933162962,0.7306528837870866,16.997635964037602,9.090275675308051,12.620163440704346,-1.1205315717011401,9.415741520832041,0.9226671008162761,0.975720370224822,0.9323017408123792,0.7429514541334732,0.7507465139627788,0.7642651065875942,-10.79019215240096,7.3686769901929585,11.424858093261719,-1.1205315717011401,9.415741520832041,0.8616976185396854,0.975720370224822,0.9323017408123792,0.6427546647775126,0.6279077530817279,0.7158512641743799,12.437865853071916,6.8345280330488425,9.607467651367188,-1.1205315717011401,9.415741520832041,s4 (RA full),1,neg,scores_basetypneg-v7-gemma-2-9b-it-d2.69-e1-membership-sans-rosch-v0-all-nv1-ng1-vlo-fsx-ppd-sm0.1-fix1_membership-sans-rosch-v0_train_log-odds_tc_20260607.csv
2068,1014,1054,0.877852381647448,0.9620577568687334,0.9177949709864603,0.6464194454943616,0.6697045477184624,0.7393902928198957,-23.74476994306022,6.777795735957896,8.989990234375,-0.5770930908980637,6.243083666570815,0.9528072824854316,0.9620577568687334,0.9177949709864603,0.8271723246810331,0.8205798889562,0.8076004735247497,0.5082238776540848,5.501923727981458,8.8447265625,-0.5770930908980637,6.243083666570815,0.7888273843608831,0.9620577568687334,0.9177949709864603,0.5891051079873657,0.5631379690168762,0.7041360773458499,-17.951758931655302,6.529000440671884,10.6015625,-0.5770930908980637,6.243083666570815,0.9460063849933942,0.9620577568687334,0.9177949709864603,0.7862068130504611,0.7941798850316306,0.7905348473297757,0.3176957726709156,4.328350438114815,6.13818359375,-0.5770930908980637,6.243083666570815,s5 (TC-self basic),1,self,scores_basetyp-v7-google--gemma-2-9b-it-delta1.42-epoch1--membership-sans-rosch-v0-all--d2g--random--alpha1.0--tc-self--full-completion--semi0.1--fix1_merged_membership-sans-rosch-v0_train_log-odds_tc_20260607.csv
2068,1014,1054,0.940426065444311,0.974141899554248,0.9323017408123792,0.7482097284961068,0.7503159769889114,0.7670480732621285,-18.070174525046948,11.239124291886494,17.375,-1.6123623732671977,9.148910818023378,0.963175411412895,0.974141899554248,0.9323017408123792,0.8176498263859264,0.7992204795796916,0.7856026919841366,12.825602999277686,9.249344830251859,14.5390625,-1.6123623732671977,9.148910818023378,0.947074917006314,0.974141899554248,0.9323017408123792,0.7888003060859091,0.7818187618719997,0.780923755134756,-13.239930672758442,8.364561852059731,13.909903390066965,-1.6123623732671977,9.148910818023378,0.9078512775600792,0.974141899554248,0.9323017408123792,0.70436461552959,0.6767637220180959,0.7304903453248939,9.988127332714432,7.757651743287159,11.846550623575848,-1.6123623732671977,9.148910818023378,s7 (TC-neg),1,neg,scores_basetypneg-v7-gemma-2-9b-it-d2.69-e1-membership-sans-rosch-v0-all-tcn-nv1-ng1-vlo-fsx-ppd-sm0.1-fix1_membership-sans-rosch-v0_train_log-odds_tc_20260607.csv
2068,1014,1054,0.9457355093211173,0.9717437843623801,0.9264990328820116,0.7568506078528182,0.7852351156450977,0.786266575858339,-17.425189619138116,10.483534946984635,15.123764038085938,-1.5695050127040486,9.059055170971718,0.9522182799441594,0.9717437843623801,0.9264990328820116,0.7834400058905772,0.8051071878393775,0.7959416690036457,13.470587905186518,8.976007110720916,12.6875,-1.5695050127040486,9.059055170971718,0.9399240799583816,0.9717437843623801,0.9264990328820116,0.768039239259217,0.7861379643375396,0.7872596153846154,-12.90590614627999,8.14352715108214,12.25,-1.5695050127040486,9.059055170971718,0.8911449386015143,0.9717437843623801,0.9264990328820116,0.6738760907799488,0.6718265492969727,0.7370929627107782,10.322151859192884,7.535093643379608,10.962234497070312,-1.5695050127040486,9.059055170971718,s12 (TC-neg vlo),1,neg,scores_basetypneg-v7-gemma-2-9b-it-d2.69-e1-membership-sans-rosch-v0-all-tcn-nv1-ng1-vlo-sm0.1-fix1_membership-sans-rosch-v0_train_log-odds_tc_20260607.csv
2068,1014,1054,0.9715964167686544,0.97735965926741,0.9298839458413927,0.8490906617132747,0.8311404140642075,0.8068206864768469,-14.206023308594407,8.83155957099842,15.046875,-1.5029360801846192,9.201134698658697,0.8902939492269516,0.97735965926741,0.9298839458413927,0.6862322759274238,0.6857712119466437,0.7392018262279981,16.68975421573023,9.60966409918672,13.063705444335938,-1.5029360801846192,9.201134698658697,0.9335451684013938,0.97735965926741,0.9298839458413927,0.7530610018608795,0.7688228935530788,0.7740468415042173,-11.054021099836467,7.86079518723353,12.33984375,-1.5029360801846192,9.201134698658697,0.8804259344508943,0.97735965926741,0.9298839458413927,0.6633896782332386,0.6468836866412132,0.724360257899163,12.174036905636408,7.2439525723599765,10.466843128204346,-1.5029360801846192,9.201134698658697,s4 (RA full),2,neg,scores_basetypneg-v7-gemma-2-9b-it-d2.69-e2-membership-sans-rosch-v0-all-nv1-ng1-vlo-fsx-ppd-sm0.1-fix1_membership-sans-rosch-v0_train_log-odds_tc_20260607.csv
2068,1014,1054,0.944338558099323,0.9747351125981982,0.9347195357833655,0.773346278079003,0.7639927045961646,0.7719104950019031,-20.893781637084786,12.563109792635812,19.640625,-1.825959507051704,10.222260885647493,0.9622345979812043,0.9747351125981982,0.9347195357833655,0.8344275300492108,0.8033526113929013,0.7898974523313571,10.00199588723985,10.628584345274817,17.15625,-1.825959507051704,10.222260885647493,0.9397332038369842,0.9747351125981982,0.9347195357833655,0.7937508219549452,0.7752867631878796,0.7765912688077254,-15.460598750815839,9.73520008576793,16.3577880859375,-1.825959507051704,10.222260885647493,0.9386843208365613,0.9747351125981982,0.9347195357833655,0.7618349111758461,0.7409425392356452,0.758236696108474,7.7674592546570365,8.638364717666203,12.953125,-1.825959507051704,10.222260885647493,s7 (TC-neg),2,neg,scores_basetypneg-v7-gemma-2-9b-it-d2.69-e2-membership-sans-rosch-v0-all-tcn-nv1-ng1-vlo-fsx-ppd-sm0.1-fix1_membership-sans-rosch-v0_train_log-odds_tc_20260607.csv
2068,1014,1054,0.9402323823211285,0.9721180512670806,0.9327852998065764,0.7606711807761533,0.7903177993233159,0.7894167384640045,-20.20095559487721,12.565365961406933,18.681198120117188,-2.0624141195641266,11.439188553527153,0.965114581812874,0.9721180512670806,0.9327852998065764,0.8309918304350952,0.8421137260615058,0.8146686433207789,10.694821929447425,10.420444808231185,16.2578125,-2.0624141195641266,11.439188553527153,0.9433088562777658,0.9721180512670806,0.9327852998065764,0.8004738060024537,0.807437380925504,0.7997555795969067,-14.833859870152061,9.378169050966594,15.088372294108073,-2.0624141195641266,11.439188553527153,0.9261983090621247,0.9721180512670806,0.9327852998065764,0.7440279928376534,0.7520404446837587,0.768358639477585,8.394198135320813,8.490838492216318,12.868911743164062,-2.0624141195641266,11.439188553527153,s12 (TC-neg vlo),2,neg,scores_basetypneg-v7-gemma-2-9b-it-d2.69-e2-membership-sans-rosch-v0-all-tcn-nv1-ng1-vlo-sm0.1-fix1_membership-sans-rosch-v0_train_log-odds_tc_20260607.csv
2068,1014,1054,0.9422927216315043,0.9621541305966937,0.9115087040618955,0.7754709084129849,0.8050069290066033,0.8000200501253133,-18.087735514576245,6.59153115273018,9.82135009765625,-0.882202959671703,7.130191498478745,0.7977396150290619,0.9621541305966937,0.9115087040618955,0.5545911172436797,0.5750199238333396,0.7024692347777288,12.80804200974839,7.804189195322738,10.06640625,-0.882202959671703,7.130191498478745,0.8070916093102635,0.9621541305966937,0.9115087040618955,0.6087869817381073,0.590731522248437,0.7137672441450112,-14.16935579432872,6.941711144484739,10.462890625,-0.882202959671703,7.130191498478745,0.8222887169756239,0.9621541305966937,0.9115087040618955,0.5722664036272721,0.5877819817307011,0.70338303671637,9.058702211144155,5.274194140546925,7.006219863891602,-0.882202959671703,7.130191498478745,s2 (RA basic),0,neg,scores_basetypneg-v7-google--gemma-2-9b-it-delta1.42-epoch0--membership-sans-rosch-v0-all--d2g--random--alpha1.0--full-completion--semi0.1--fix1_merged_membership-sans-rosch-v0_train_log-odds_tc_20260607.csv
2068,1014,1054,0.9532353502576827,0.96407037714876,0.9177949709864603,0.8010782469654214,0.826356068217154,0.8087401022351408,-18.11698224973402,7.819987377205422,12.200510025024414,-0.4400945184193912,6.019764735514351,0.8473037812185381,0.96407037714876,0.9177949709864603,0.6349610198592788,0.6590894874263729,0.734823128569997,12.778795274590616,8.61246121574063,11.75,-0.4400945184193912,6.019764735514351,0.8534389514538399,0.96407037714876,0.9177949709864603,0.6659457564641671,0.6677217512537645,0.7417318099819603,-14.157381841975418,7.751346747665057,11.9462890625,-0.4400945184193912,6.019764735514351,0.8685663519081999,0.96407037714876,0.9177949709864603,0.637463665268271,0.6620584494435645,0.7309642635239413,9.070676163497458,6.1735448184507815,8.25,-0.4400945184193912,6.019764735514351,s2 (RA basic),1,neg,scores_basetypneg-v7-google--gemma-2-9b-it-delta1.42-epoch1--membership-sans-rosch-v0-all--d2g--random--alpha1.0--full-completion--semi0.1--fix1_merged_membership-sans-rosch-v0_train_log-odds_tc_20260607.csv
2068,1014,1054,0.966663111131072,0.9668820572703216,0.9163442940038685,0.811257094908959,0.8315595313007303,0.8102501403030546,-16.892882865448293,7.5499453252427715,12.0244140625,0.3453156470791284,5.139209517265444,0.9413051248367261,0.9668820572703216,0.9163442940038685,0.7766155282080063,0.7977477918614069,0.7944076969332532,7.360110955266012,8.072892025012784,11.98095703125,0.3453156470791284,5.139209517265444,0.8816380913884928,0.9668820572703216,0.9163442940038685,0.6955010048342384,0.6989470383109679,0.7544239363514299,-13.07523374208772,7.120449781834345,10.994140625,0.3453156470791284,5.139209517265444,0.9478468424972585,0.9668820572703216,0.9163442940038685,0.7582435921191141,0.7722183581351845,0.7786328383334336,5.194220962238496,6.056551080270049,8.6875,0.3453156470791284,5.139209517265444,s2 (RA basic),2,self,scores_basetyp-v7-google--gemma-2-9b-it-delta1.42-epoch2--membership-sans-rosch-v0-all--d2g--random--alpha1.0--full-completion--semi0.1--fix1_merged_membership-sans-rosch-v0_train_log-odds_tc_20260607.csv
2068,1014,1054,0.8902934813933209,0.9613840764402726,0.9173114119922631,0.6529532326544065,0.6964195607888679,0.7509278764168924,-20.437590511440078,6.4945288701459445,8.5625,-0.7207262792716405,7.98938307576401,0.9439610163592064,0.9613840764402726,0.9173114119922631,0.8120580749962647,0.8114200627131047,0.8025798427218745,3.815403309274227,5.445670580410492,8.75,-0.7207262792716405,7.98938307576401,0.8070340657736659,0.9613840764402726,0.9173114119922631,0.6144637674776894,0.6047995872198386,0.7163834781038737,-15.44651863566637,5.932257628839406,9.687744140625,-0.7207262792716405,7.98938307576401,0.9369360265579796,0.9613840764402726,0.9173114119922631,0.7653235887046526,0.7780726664579508,0.7846224825483431,2.822936068659847,4.173258098617976,6.143138885498047,-0.7207262792716405,7.98938307576401,s5 (TC-self basic),0,self,scores_basetyp-v7-google--gemma-2-9b-it-delta1.42-epoch0--membership-sans-rosch-v0-all--d2g--random--alpha1.0--tc-self--full-completion--semi0.1--fix1_merged_membership-sans-rosch-v0_train_log-odds_tc_20260607.csv
2068,1014,1054,0.9532353502576827,0.96407037714876,0.9177949709864603,0.8010782469654214,0.826356068217154,0.8087401022351408,-18.11698224973402,7.819987377205422,12.200510025024414,-0.4400945184193912,6.019764735514351,0.9267545632492357,0.96407037714876,0.9177949709864603,0.764836509089119,0.7888104761959873,0.7891003806852335,6.136011570980286,8.420355739647988,12.234130859375,-0.4400945184193912,6.019764735514351,0.8534389514538399,0.96407037714876,0.9177949709864603,0.6659457564641671,0.6677217512537645,0.7417318099819603,-14.157381841975418,7.751346747665057,11.9462890625,-0.4400945184193912,6.019764735514351,0.9421752953901547,0.96407037714876,0.9177949709864603,0.7480449132096574,0.7820597628347232,0.7818247385503065,4.1120728623508,6.32253447912442,8.5244140625,-0.4400945184193912,6.019764735514351,s2 (RA basic),1,self,scores_basetyp-v7-google--gemma-2-9b-it-delta1.42-epoch1--membership-sans-rosch-v0-all--d2g--random--alpha1.0--full-completion--semi0.1--fix1_merged_membership-sans-rosch-v0_train_log-odds_tc_20260607.csv
2068,1014,1054,0.9473874298717387,0.9758719483212258,0.9352030947775629,0.7694923627081216,0.7937637640737205,0.7904987076479192,-15.448939111292708,9.002159083433607,13.701171875,-1.4204124549198427,8.568788878875871,0.9716605099760843,0.9758719483212258,0.9352030947775629,0.8358047526173438,0.8490807080873084,0.820842598713865,8.804054709421598,8.461167870994128,13.372314453125,-1.4204124549198427,8.568788878875871,0.9396008069194466,0.9758719483212258,0.9352030947775629,0.7762655100037803,0.7928561557269689,0.7924891284743792,-11.49034446016787,7.047496794709076,10.84375,-1.4204124549198427,8.568788878875871,0.9386562508187087,0.9758719483212258,0.9352030947775629,0.7536328401585688,0.7679891491101158,0.7770899693491196,6.779110244158345,6.787930384789625,10.268310546875,-1.4204124549198427,8.568788878875871,s11 (TC-self vlo),0,self,scores_basetyp-v7-gemma-2-9b-it-d2.69-e0-membership-sans-rosch-v0-all-tcs-nv1-ng1-vlo-sm0.1-fix1_membership-sans-rosch-v0_train_log-odds_tc_20260607.csv
2068,1014,1054,0.9005933066106763,0.9665190183727623,0.9240812379110251,0.6616760805314331,0.6831332663865171,0.7421704151034247,-20.036248627668193,6.932275584582559,9.11572265625,-0.43405991686036094,7.659788957943236,0.9704773587236001,0.9665190183727623,0.9240812379110251,0.8561860408335711,0.8228467630492121,0.8054095268670493,4.216745193046112,5.5587399640153485,9.23046875,-0.43405991686036094,7.659788957943236,0.852010187545146,0.9665190183727623,0.9240812379110251,0.6767876502836064,0.6489033359894285,0.7308093575699209,-14.95337577747181,5.767883237138852,9.9375,-0.43405991686036094,7.659788957943236,0.9569448031168948,0.9665190183727623,0.9240812379110251,0.7803010498870199,0.7697635972843513,0.7774256313561871,3.316078926854407,4.460435969043116,6.4375,-0.43405991686036094,7.659788957943236,s6 (TC-self fsx),1,self,scores_basetyp-v7-gemma-2-9b-it-d1.42-e1-membership-sans-rosch-v0-all-tcs-fsx-ppd-sm0.1-fix1_membership-sans-rosch-v0_train_log-odds_tc_20260607.csv
2068,1014,1054,0.9243115360288036,0.96403295045829,0.9206963249516441,0.7243849307538412,0.7277792843191043,0.7591868647380766,-21.82797274783225,8.221084290826578,11.6875,-0.268204637606785,7.766511052605349,0.9707496378967697,0.96403295045829,0.9206963249516441,0.8655265103438782,0.8218091364595578,0.8030597718204239,2.4250210728820565,7.062562881202948,12.1875,-0.268204637606785,7.766511052605349,0.8766743765649035,0.96403295045829,0.9206963249516441,0.7104426458632487,0.6851892886163763,0.7444257298684632,-16.35107988957664,7.0664646418922485,12.1875,-0.268204637606785,7.766511052605349,0.9643412528210369,0.96403295045829,0.9206963249516441,0.811808775091691,0.7876966166905564,0.7836250275656061,1.9183748147495763,5.674818498826477,8.4697265625,-0.268204637606785,7.766511052605349,s6 (TC-self fsx),2,self,scores_basetyp-v7-gemma-2-9b-it-d1.42-e2-membership-sans-rosch-v0-all-tcs-fsx-ppd-sm0.1-fix1_membership-sans-rosch-v0_train_log-odds_tc_20260607.csv
2068,1014,1054,0.9237604280116323,0.9774522903263233,0.937137330754352,0.6920600513333652,0.705795270392792,0.7512871366468338,-16.76966967435132,9.687673691295098,15.291178703308105,0.32151090358050693,8.954037409997046,0.9339563941629333,0.9774522903263233,0.937137330754352,0.7232283303490956,0.7308448935454215,0.7616357115665885,7.483324146362984,9.461118029868667,14.53125,0.32151090358050693,8.954037409997046,0.9105539524456471,0.9774522903263233,0.937137330754352,0.6737047059743516,0.6836868003887314,0.7396146296518847,-12.608920999991968,8.02013593287302,12.0703125,0.32151090358050693,8.954037409997046,0.9125137075253846,0.9774522903263233,0.937137330754352,0.6623204389733037,0.6715097498309957,0.7314688676977322,5.660533704334248,7.63468941346705,10.806635797023773,0.32151090358050693,8.954037409997046,s1 (SFT-lo),0,self,scores_basetyp-v7-gemma-2-9b-it-d1.43-e0-membership-sans-rosch-v0-all-p0-nv1-ng1-lo0.1-fix1_membership-sans-rosch-v0_train_log-odds_tc_20260607.csv
2068,1014,1054,0.924655861581128,0.9776543944548615,0.9308510638297872,0.6880402193838728,0.714286143050233,0.7579746733990542,-17.426209940439957,10.182899006193077,15.765625,-0.8722443563910471,9.896150425067994,0.9310665858250151,0.9776543944548615,0.9308510638297872,0.7135272573781395,0.7280047746144919,0.7591194086656918,6.826783880274347,10.049391801507259,15.359375,-0.8722443563910471,9.896150425067994,0.9078087046996696,0.9776543944548615,0.9308510638297872,0.6622168398221668,0.6755877766305137,0.7368210142459276,-13.14513781675677,8.509413475016657,12.5546875,-0.8722443563910471,9.896150425067994,0.9135125323273039,0.9776543944548615,0.9308510638297872,0.656945279248602,0.6785479748261216,0.735830162227118,5.124316887569448,8.06141366656498,11.257645606994629,-0.8722443563910471,9.896150425067994,s1 (SFT-lo),1,self,scores_basetyp-v7-gemma-2-9b-it-d1.43-e1-membership-sans-rosch-v0-all-p0-nv1-ng1-lo0.1-fix1_membership-sans-rosch-v0_train_log-odds_tc_20260607.csv
2068,1014,1054,0.968982630272953,0.9767149845240635,0.9356866537717602,0.8148134749583125,0.8189812238639943,0.7975842314009856,-12.53723911482776,7.12243579694565,11.134765625,-0.4028268736324181,8.005999980428436,0.9370352072877253,0.9767149845240635,0.9356866537717602,0.757942221140262,0.7634984665760766,0.7717903002864641,11.715754705886546,7.8023979437176365,10.91796875,-0.4028268736324181,8.005999980428436,0.9202521436136967,0.9767149845240635,0.9356866537717602,0.7239039230030079,0.7332097446572047,0.7583582059654254,-9.66995954382998,6.228432560296283,9.328125,-0.4028268736324181,8.005999980428436,0.9181978861405223,0.9767149845240635,0.9356866537717602,0.7183629282841095,0.7148529067487298,0.7510114970155831,8.599495160496234,5.918309061695847,8.58685302734375,-0.4028268736324181,8.005999980428436,s4 (RA full),0,self,scores_basetyp-v7-gemma-2-9b-it-d2.69-e0-membership-sans-rosch-v0-all-nv1-ng1-vlo-fsx-ppd-sm0.1-fix1_membership-sans-rosch-v0_train_log-odds_tc_20260607.csv
2068,1014,1054,0.9674018204342245,0.975720370224822,0.9323017408123792,0.8374452977039325,0.829164205213414,0.8015828491284311,-13.898141560287034,8.372254513385077,13.688657760620117,-1.1205315717011401,9.415741520832041,0.942136465198792,0.975720370224822,0.9323017408123792,0.7928853447251845,0.7867284015879308,0.7824667521230572,10.354852260427272,9.00132995406562,13.475830078125,-1.1205315717011401,9.415741520832041,0.9226671008162761,0.975720370224822,0.9323017408123792,0.7429514541334732,0.7507465139627788,0.7642651065875942,-10.79019215240096,7.3686769901929585,11.424858093261719,-1.1205315717011401,9.415741520832041,0.9367652672827099,0.975720370224822,0.9323017408123792,0.7656736564547133,0.7610615603168913,0.7677441320195466,7.479262551925257,6.7720245782024575,9.985092163085938,-1.1205315717011401,9.415741520832041,s4 (RA full),1,self,scores_basetyp-v7-gemma-2-9b-it-d2.69-e1-membership-sans-rosch-v0-all-nv1-ng1-vlo-fsx-ppd-sm0.1-fix1_membership-sans-rosch-v0_train_log-odds_tc_20260607.csv
2068,1014,1054,0.9176308717799012,0.9642649959392041,0.9187620889748549,0.6944657979882694,0.7057840313435318,0.7525264677574591,-22.229364291842256,7.395530679776086,10.103515625,-0.6951396917812598,8.601004445142225,0.9722256530021821,0.9642649959392041,0.9187620889748549,0.8459680190213483,0.8189161697276551,0.8038114343029087,2.023629528872049,6.269609316390648,10.362955093383789,-0.6951396917812598,8.601004445142225,0.8463961839746398,0.9642649959392041,0.9187620889748549,0.6599101699777996,0.6373572286204507,0.7272563213089772,-16.738396491683343,6.710914438982047,11.442118326822916,-0.6951396917812598,8.601004445142225,0.9706495214997624,0.9642649959392041,0.9187620889748549,0.796520006602812,0.7912095861214892,0.7877785131259651,1.5310582126428751,5.0390535181278135,7.212623596191406,-0.6951396917812598,8.601004445142225,s6 (TC-self fsx),0,self,scores_basetyp-v7-gemma-2-9b-it-d1.42-e0-membership-sans-rosch-v0-all-tcs-fsx-ppd-sm0.1-fix1_membership-sans-rosch-v0_train_log-odds_tc_20260607.csv
2068,1014,1054,0.9473635703565643,0.9754546407224848,0.9303675048355899,0.7660046819161779,0.7901829874209705,0.7864025159752409,-15.415238739328181,9.304227287529246,14.127349376678467,-1.9161048194887098,8.842972413641892,0.9738031880054941,0.9754546407224848,0.9303675048355899,0.8333108686175865,0.8530337700158516,0.8223037005870449,8.837755081386124,8.73789376627444,13.65625,-1.9161048194887098,8.842972413641892,0.946957958598595,0.9754546407224848,0.9303675048355899,0.7759952127822114,0.804893213171543,0.795461373605464,-11.423387798575547,7.300029241389479,11.043010234832764,-1.9161048194887098,8.842972413641892,0.937295322786492,0.9754546407224848,0.9303675048355899,0.7459894510184915,0.762213040815127,0.7739118242092823,6.8460669057506705,7.11130023688994,10.556526184082033,-1.9161048194887098,8.842972413641892,s11 (TC-self vlo),1,self,scores_basetyp-v7-gemma-2-9b-it-d2.69-e1-membership-sans-rosch-v0-all-tcs-nv1-ng1-vlo-sm0.1-fix1_membership-sans-rosch-v0_train_log-odds_tc_20260607.csv
2068,1014,1054,0.9715964167686544,0.97735965926741,0.9298839458413927,0.8490906617132747,0.8311404140642075,0.8068206864768469,-14.206023308594407,8.83155957099842,15.046875,-1.5029360801846192,9.201134698658697,0.9479338595526015,0.97735965926741,0.9298839458413927,0.7979795766138986,0.7952221270637096,0.786638362638683,10.046970512119898,9.568797382927924,14.62890625,-1.5029360801846192,9.201134698658697,0.9335451684013938,0.97735965926741,0.9298839458413927,0.7530610018608795,0.7688228935530788,0.7740468415042173,-11.054021099836467,7.86079518723353,12.33984375,-1.5029360801846192,9.201134698658697,0.9441228867954894,0.97735965926741,0.9298839458413927,0.7709471803914492,0.7652458803921597,0.7704661967318167,7.21543360448975,7.280377749154282,11.0283203125,-1.5029360801846192,9.201134698658697,s4 (RA full),2,self,scores_basetyp-v7-gemma-2-9b-it-d2.69-e2-membership-sans-rosch-v0-all-nv1-ng1-vlo-fsx-ppd-sm0.1-fix1_membership-sans-rosch-v0_train_log-odds_tc_20260607.csv
2068,1014,1054,0.9489846138875477,0.9761180288110664,0.9308510638297872,0.7583753582539768,0.8090991366900233,0.7983447557212136,-16.735374083025544,10.741957673064128,15.84375,-1.6393332249076038,8.779656696934618,0.9702382957382227,0.9761180288110664,0.9308510638297872,0.8155675118170762,0.8645098458386606,0.8289663461538461,7.5176197376887615,10.19656029833266,15.763671875,-1.6393332249076038,8.779656696934618,0.9467942168277885,0.9761180288110664,0.9308510638297872,0.785014224138214,0.821153093049109,0.8055588954350527,-12.375243460478742,8.144720071292483,12.296518325805664,-1.6393332249076038,8.779656696934618,0.9437752864077489,0.9761180288110664,0.9308510638297872,0.7621548903832435,0.7918963683164184,0.7878162623449989,5.894211243847474,7.904645306530739,11.552999496459961,-1.6393332249076038,8.779656696934618,s11 (TC-self vlo),2,self,scores_basetyp-v7-gemma-2-9b-it-d2.69-e2-membership-sans-rosch-v0-all-tcs-nv1-ng1-vlo-sm0.1-fix1_membership-sans-rosch-v0_train_log-odds_tc_20260607.csv
2068,1014,1054,0.9422927216315043,0.9621541305966937,0.9115087040618955,0.7754709081707714,0.8050069290066033,0.8000200501253133,-18.087735514576245,6.59153115273018,9.82135009765625,-0.8822029610551764,7.130191491804591,0.8991804490454323,0.9621541305966937,0.9115087040618955,0.7148773668426515,0.7387394764804369,0.7674278725665136,6.165258306138059,7.391083569565244,10.158203125,-0.8822029610551764,7.130191491804591,0.8070916093102635,0.9621541305966937,0.9115087040618955,0.60878698139357,0.590731522248437,0.7137672441450112,-14.16935579432872,6.941711144484739,10.462890625,-0.8822029610551764,7.130191491804591,0.921682778856914,0.9621541305966937,0.9115087040618955,0.7194196195707673,0.7482355321567836,0.7669099073814202,4.100098909997496,5.282328974829876,7.16259765625,-0.8822029610551764,7.130191491804591,s2 (RA basic),0,self,scores_basetyp-v7-google--gemma-2-9b-it-delta1.42-epoch0--membership-sans-rosch-v0-all--d2g--random--alpha1.0--full-completion--semi0.1--fix1_merged_membership-sans-rosch-v0_train_log-odds_tc_20260607.csv
2068,1014,1054,0.966663111131072,0.9668820572703216,0.9163442940038685,0.811257094908959,0.8315595313007303,0.8102501403030546,-16.892882865448293,7.5499453252427715,12.0244140625,0.3453156470791284,5.139209517265444,0.8629275531552572,0.9668820572703216,0.9163442940038685,0.6434513051304813,0.6672656315986737,0.7391199807646068,14.002894658876341,8.193127137183893,10.8125,0.3453156470791284,5.139209517265444,0.8816380913884928,0.9668820572703216,0.9163442940038685,0.6955010048342384,0.6989470383109679,0.7544239363514299,-13.07523374208772,7.120449781834345,10.994140625,0.3453156470791284,5.139209517265444,0.869050559716156,0.9668820572703216,0.9163442940038685,0.6345567812906783,0.6426428553630626,0.7258355373887954,10.152824263385154,5.997397348085404,8.375,0.3453156470791284,5.139209517265444,s2 (RA basic),2,neg,scores_basetypneg-v7-google--gemma-2-9b-it-delta1.42-epoch2--membership-sans-rosch-v0-all--d2g--random--alpha1.0--full-completion--semi0.1--fix1_merged_membership-sans-rosch-v0_train_log-odds_tc_20260607.csv
