noun1	count	noun2_list
tube tops	31	accessory, animal, auto part, clothing, container, dessert, drink, electronic device, fastener, food, footwear, furniture, game, headwear, home decor, jewelry, kitchen equipment, livestock, mammal, medical equipment, musical instrument, office supply, outerwear, plant, protective clothing, school supply, toiletry, tool, toy, weapon, women's clothing
elephants	30	auto part, breakfast, candy, clothing, condiment, dessert, drink, fastener, food, footwear, fruit, furniture, game, garden tool, headwear, home decor, jewelry, kitchen equipment, kitchen tool, mammal, medical equipment, musical instrument, outerwear, plant, school supply, seafood, toiletry, vegetable, water vehicle, weapon
honey	29	accessory, auto part, clothing, container, electronic device, food, footwear, furniture, game, garden tool, home decor, kitchen equipment, kitchen tool, mammal, musical instrument, office supply, outerwear, plant, protective clothing, school supply, sea animal, toiletry, tool, toy, vegetable, vehicle, water vehicle, weapon, women's clothing
zebras	28	auto part, breakfast, clothing, container, dessert, drink, electronic device, fastener, food, footwear, fruit, game, garden tool, home decor, jewelry, kitchen equipment, kitchen tool, mammal, office supply, outerwear, plant, toiletry, tool, toy, vehicle, water vehicle, weapon, women's clothing
latches	27	accessory, animal, auto part, clothing, container, dessert, electronic device, fastener, food, furniture, game, home decor, jewelry, kitchen tool, mammal, medical equipment, musical instrument, plant, protective clothing, school supply, toiletry, tool, toy, vehicle, water vehicle, weapon, women's clothing
bulls	26	accessory, animal, auto part, breakfast, clothing, condiment, drink, fastener, food, footwear, game, headwear, home decor, jewelry, livestock, mammal, musical instrument, office supply, outerwear, plant, school supply, toiletry, tool, toy, weapon, women's clothing
ducklings	25	accessory, animal, auto part, clothing, condiment, container, dessert, electronic device, fastener, footwear, furniture, garden tool, jewelry, kitchen tool, mammal, medical equipment, musical instrument, office supply, plant, protective clothing, toiletry, toy, vehicle, weapon, women's clothing
mirrors	24	auto part, bird, clothing, container, dessert, drink, fastener, fruit, furniture, garden tool, home decor, insect, kitchen equipment, kitchen tool, mammal, medical equipment, outerwear, plant, school supply, sea animal, tool, vehicle, weapon, women's clothing
stretchers	24	accessory, animal, container, electronic device, fastener, food, footwear, furniture, home decor, jewelry, livestock, mammal, medical equipment, office supply, plant, protective clothing, school supply, sea animal, toiletry, tool, toy, vegetable, vehicle, women's clothing
dustpans	23	accessory, animal, auto part, clothing, container, food, headwear, home decor, kitchen equipment, kitchen tool, mammal, medical equipment, musical instrument, office supply, plant, protective clothing, school supply, toiletry, tool, toy, vehicle, weapon, women's clothing
whisks	23	accessory, animal, auto part, clothing, container, electronic device, fastener, food, furniture, game, home decor, jewelry, kitchen equipment, kitchen tool, musical instrument, office supply, school supply, toiletry, tool, toy, water vehicle, weapon, women's clothing
puppies	23	accessory, auto part, condiment, container, electronic device, fastener, food, footwear, fruit, furniture, garden tool, headwear, kitchen equipment, kitchen tool, medical equipment, plant, protective clothing, school supply, toiletry, vegetable, vehicle, weapon, women's clothing
bassoons	22	accessory, breakfast, candy, clothing, condiment, container, dessert, fastener, food, fruit, furniture, game, garden tool, livestock, musical instrument, office supply, outerwear, school supply, toiletry, tool, vegetable, vehicle
rabbits	21	animal, candy, clothing, condiment, container, dessert, drink, electronic device, fastener, food, fruit, kitchen equipment, kitchen tool, livestock, musical instrument, plant, sea animal, seafood, toy, vegetable, vehicle
tridents	20	animal, auto part, candy, clothing, container, dessert, drink, electronic device, fastener, food, fruit, furniture, livestock, medical equipment, musical instrument, plant, tool, vegetable, vehicle, weapon
maple syrup	20	animal, bird, breakfast, clothing, condiment, container, electronic device, food, furniture, game, headwear, insect, livestock, mammal, plant, tool, toy, vegetable, vehicle, weapon
backscratchers	19	animal, clothing, container, electronic device, fastener, food, furniture, game, garden tool, headwear, kitchen equipment, kitchen tool, medical equipment, office supply, protective clothing, toiletry, tool, vehicle, women's clothing
highlighters	19	accessory, animal, auto part, container, dessert, fastener, furniture, home decor, kitchen equipment, kitchen tool, medical equipment, musical instrument, plant, protective clothing, toiletry, tool, toy, weapon, women's clothing
jackets	19	bird, breakfast, candy, clothing, container, electronic device, food, fruit, furniture, insect, mammal, musical instrument, outerwear, sea animal, seafood, toiletry, tool, toy, vegetable
coils	19	accessory, animal, auto part, clothing, electronic device, fastener, food, game, home decor, kitchen equipment, medical equipment, musical instrument, plant, school supply, toiletry, toy, vehicle, water vehicle, weapon
roosters	18	accessory, animal, auto part, breakfast, clothing, container, dessert, electronic device, food, furniture, home decor, jewelry, livestock, musical instrument, plant, school supply, tool, toy
envelopes	18	animal, clothing, container, electronic device, fastener, furniture, game, headwear, home decor, medical equipment, musical instrument, outerwear, school supply, toiletry, toy, vehicle, weapon, women's clothing
chains	17	accessory, animal, auto part, electronic device, fastener, food, game, headwear, medical equipment, musical instrument, protective clothing, school supply, toiletry, toy, water vehicle, weapon, women's clothing
cantaloupes	17	animal, candy, condiment, container, dessert, drink, fastener, food, fruit, home decor, mammal, plant, sea animal, toiletry, tool, toy, vegetable
calves	17	breakfast, candy, clothing, dessert, drink, food, furniture, game, home decor, jewelry, kitchen tool, livestock, mammal, musical instrument, office supply, tool, vegetable
jams	15	accessory, bird, breakfast, clothing, condiment, container, electronic device, food, mammal, plant, sea animal, tool, vehicle, water vehicle, weapon
bolts	15	accessory, animal, auto part, clothing, container, food, furniture, game, home decor, office supply, school supply, toiletry, tool, toy, vehicle
crayfish	14	animal, bird, breakfast, clothing, container, dessert, drink, fastener, food, mammal, plant, sea animal, seafood, toiletry
mandolins	13	animal, auto part, clothing, container, dessert, fastener, food, fruit, mammal, musical instrument, plant, protective clothing, vehicle
stilettoes	13	animal, clothing, container, drink, electronic device, footwear, insect, mammal, medical equipment, sea animal, toiletry, vegetable, women's clothing
turkeys	13	animal, bird, breakfast, clothing, container, fruit, livestock, mammal, sea animal, seafood, tool, vegetable, vehicle
noodles	13	breakfast, clothing, condiment, container, dessert, drink, fastener, food, kitchen tool, office supply, school supply, toy, vegetable
scallops	13	animal, breakfast, candy, condiment, container, dessert, drink, food, mammal, sea animal, seafood, toiletry, tool
chairs	12	animal, breakfast, container, electronic device, fastener, fruit, furniture, livestock, mammal, seafood, tool, vehicle
bananas	12	accessory, animal, clothing, container, electronic device, food, fruit, headwear, home decor, outerwear, tool, vehicle
prunes	12	animal, clothing, container, electronic device, food, fruit, livestock, musical instrument, school supply, tool, water vehicle, weapon
rearview mirrors	12	animal, bird, breakfast, clothing, container, fastener, food, office supply, plant, tool, toy, vegetable
margaritas	12	animal, bird, clothing, drink, electronic device, fruit, livestock, mammal, musical instrument, outerwear, toy, water vehicle
dynamites	11	accessory, clothing, food, kitchen equipment, kitchen tool, medical equipment, musical instrument, sea animal, toy, vegetable, weapon
zucchini	11	animal, breakfast, candy, clothing, condiment, container, dessert, food, plant, seafood, tool
lasagna	11	animal, candy, clothing, condiment, container, dessert, food, furniture, kitchen tool, seafood, vegetable
geese	10	animal, bird, breakfast, container, dessert, drink, food, seafood, tool, vegetable
abacuses	10	accessory, animal, clothing, container, electronic device, food, furniture, home decor, tool, weapon
clams	9	animal, breakfast, clothing, container, drink, mammal, seafood, tool, vegetable
nuts	9	accessory, clothing, container, electronic device, home decor, kitchen tool, livestock, tool, women's clothing
toast	9	animal, auto part, breakfast, clothing, container, electronic device, mammal, plant, tool
brooms	9	animal, clothing, container, electronic device, food, home decor, tool, vehicle, weapon
jelly beans	9	animal, candy, clothing, container, food, home decor, mammal, tool, weapon
fruitcakes	9	animal, candy, clothing, container, dessert, food, fruit, seafood, vegetable
cream cheese	9	animal, clothing, condiment, container, electronic device, food, plant, tool, weapon
peas	9	animal, clothing, container, fastener, food, mammal, plant, vegetable, vehicle
pickles	9	animal, candy, clothing, container, food, livestock, mammal, seafood, tool
tea	9	animal, clothing, container, drink, electronic device, fastener, mammal, tool, weapon
bikinis	9	animal, bird, clothing, food, mammal, plant, tool, vegetable, women's clothing
taffy	8	animal, candy, container, food, plant, tool, vehicle, weapon
apples	8	animal, container, electronic device, food, fruit, home decor, tool, vehicle
clovers	8	animal, clothing, container, electronic device, food, musical instrument, plant, tool
spatulas	8	clothing, container, electronic device, food, kitchen tool, office supply, school supply, tool
strawberries	8	accessory, animal, clothing, container, food, fruit, furniture, headwear
ski boots	8	animal, container, dessert, food, footwear, fruit, mammal, vegetable
centerpieces	8	animal, container, electronic device, food, furniture, home decor, jewelry, tool
crows	8	animal, auto part, bird, container, electronic device, food, tool, weapon
creme brulee	7	clothing, food, insect, plant, tool, vehicle, water vehicle
spears	7	animal, clothing, electronic device, medical equipment, toy, vehicle, weapon
stools	7	breakfast, food, furniture, medical equipment, sea animal, seafood, vegetable
lingerie	7	animal, bird, clothing, fastener, food, game, women's clothing
spaghetti	7	breakfast, clothing, dessert, food, seafood, tool, vegetable
eels	7	animal, bird, food, mammal, plant, sea animal, seafood
catfish	7	animal, bird, container, insect, mammal, plant, sea animal
chariots	7	animal, electronic device, food, livestock, tool, vehicle, water vehicle
t-shirts	7	animal, bird, clothing, container, food, fruit, mammal
chalks	7	animal, clothing, electronic device, food, musical instrument, school supply, tool
chickpeas	7	animal, breakfast, container, fastener, food, fruit, vegetable
peanut butter	7	breakfast, clothing, condiment, container, food, tool, vehicle
routers	6	animal, container, food, tool, vehicle, weapon
capes	6	animal, clothing, electronic device, food, outerwear, seafood
test tubes	6	animal, clothing, container, food, mammal, seafood
braces	6	animal, food, fruit, mammal, medical equipment, sea animal
saxophones	6	animal, container, food, fruit, musical instrument, tool
pinwheels	6	accessory, animal, clothing, home decor, tool, toy
blouses	6	animal, clothing, container, food, fruit, mammal
string cheese	6	animal, container, home decor, mammal, tool, vehicle
flies	6	clothing, container, food, furniture, insect, kitchen tool
swabs	6	animal, container, electronic device, musical instrument, toiletry, weapon
bumpers	6	animal, auto part, container, electronic device, food, vehicle
kaleidoscopes	6	accessory, animal, container, food, tool, toy
knobs	6	animal, clothing, food, mammal, seafood, tool
whipped cream	6	clothing, dessert, food, plant, tool, vehicle
squirrels	6	animal, bird, food, insect, mammal, tool
sheeps	6	animal, clothing, dessert, home decor, kitchen tool, livestock
okra	6	animal, condiment, food, fruit, plant, vegetable
mussels	6	animal, breakfast, food, mammal, sea animal, vegetable
tweezers	6	animal, clothing, food, medical equipment, toiletry, tool
macaroni	6	animal, breakfast, clothing, dessert, food, tool
cinnamon	6	animal, breakfast, container, food, seafood, vegetable
kittens	5	animal, clothing, food, mammal, tool
bonnets	5	animal, clothing, container, food, headwear
scoops	5	animal, bird, electronic device, kitchen tool, mammal
sprouts	5	animal, food, plant, tool, vegetable
buses	5	auto part, clothing, container, vehicle, water vehicle
squids	5	bird, food, mammal, sea animal, seafood
funnels	5	accessory, container, food, kitchen tool, tool
cordon bleu sandwiches	5	animal, container, electronic device, tool, vehicle
tongs	5	electronic device, kitchen tool, tool, vehicle, weapon
toasters	5	electronic device, food, kitchen equipment, kitchen tool, tool
scallions	5	animal, food, mammal, plant, vegetable
pocket watches	5	animal, food, jewelry, mammal, seafood
hearing aids	5	clothing, food, medical equipment, musical instrument, vehicle
muffs	5	food, footwear, headwear, outerwear, tool
pineapples	5	animal, food, fruit, mammal, vegetable
racks	5	animal, food, fruit, furniture, vegetable
cocktails	5	animal, clothing, container, drink, vegetable
moles	5	animal, bird, food, insect, mammal
lobsters	5	animal, food, mammal, sea animal, seafood
ostriches	5	animal, bird, container, fastener, mammal
flasks	5	animal, clothing, container, food, mammal
kites	5	accessory, animal, food, tool, toy
peelers	5	animal, electronic device, tool, vehicle, weapon
hooks	5	animal, electronic device, food, tool, vehicle
bats	5	animal, bird, food, insect, mammal
lighter	5	animal, electronic device, food, tool, weapon
mixers	5	food, furniture, kitchen equipment, medical equipment, musical instrument
bombs	4	animal, clothing, mammal, weapon
granola	4	breakfast, food, tool, vehicle
lettuce	4	animal, food, plant, vegetable
triangles	4	animal, medical equipment, musical instrument, tool
gorillas	4	animal, food, mammal, tool
pencils	4	food, office supply, school supply, tool
ballot boxes	4	animal, container, food, mammal
banjoes	4	animal, clothing, food, musical instrument
cheeseburgers	4	animal, electronic device, food, tool
rattles	4	animal, food, tool, toy
mascaras	4	animal, container, food, toiletry
razors	4	animal, mammal, toiletry, tool
swordfish	4	animal, food, sea animal, seafood
celeries	4	animal, condiment, food, vegetable
visors	4	accessory, clothing, headwear, protective clothing
birthday cakes	4	animal, dessert, food, tool
dollhouses	4	animal, clothing, food, tool
undershirts	4	clothing, food, outerwear, women's clothing
chinchillas	4	animal, food, livestock, mammal
corals	4	animal, food, mammal, sea animal
alpacas	4	animal, electronic device, food, mammal
rakes	4	food, garden tool, tool, weapon
birdbaths	4	bird, container, food, home decor
wheelbarrows	4	animal, container, food, tool
belt buckles	4	animal, fastener, food, seafood
pumpkins	4	animal, food, plant, vegetable
banana splits	4	animal, dessert, tool, vehicle
flamingoes	4	animal, bird, electronic device, food
aquariums	4	container, home decor, sea animal, seafood
squash	4	animal, food, fruit, vegetable
tomatoes	4	animal, food, fruit, vegetable
whales	4	animal, food, mammal, sea animal
machetes	4	animal, food, tool, weapon
buckles	4	accessory, animal, fastener, food
rifles	4	animal, dessert, home decor, weapon
beavers	4	animal, bird, food, sea animal
plungers	4	food, garden tool, tool, weapon
inkwells	4	container, food, school supply, tool
snails	4	animal, food, sea animal, seafood
juicers	4	container, electronic device, food, kitchen tool
grinders	4	electronic device, garden tool, kitchen tool, tool
moths	4	animal, food, insect, tool
bisons	4	animal, food, livestock, mammal
footrests	4	accessory, animal, tool, toy
kegs	4	container, food, mammal, toiletry
green beans	4	food, home decor, tool, vegetable
seals	4	animal, food, mammal, sea animal
staplers	4	food, office supply, school supply, tool
vultures	4	animal, bird, electronic device, food
measuring cups	4	animal, container, food, kitchen tool
eye patches	3	accessory, clothing, medical equipment
chips	3	animal, food, vehicle
pens	3	office supply, school supply, tool
incubators	3	animal, electronic device, food
cheesecake	3	animal, breakfast, food
horses	3	animal, livestock, mammal
cougars	3	animal, food, mammal
bandanas	3	accessory, clothing, headwear
pitchers	3	container, food, tool
syrups	3	breakfast, condiment, food
manatees	3	animal, mammal, sea animal
jugs	3	clothing, container, food
purses	3	accessory, container, food
raincoats	3	clothing, outerwear, protective clothing
chives	3	food, plant, vegetable
monkeys	3	animal, food, mammal
waffles	3	animal, breakfast, food
diapers	3	clothing, food, toiletry
chicken wires	3	food, tool, vehicle
dishwashers	3	electronic device, food, kitchen equipment
scissors	3	garden tool, office supply, tool
wasps	3	animal, food, insect
razor blades	3	electronic device, food, weapon
artichokes	3	fruit, plant, vegetable
slicers	3	food, kitchen equipment, vehicle
cornbread	3	animal, tool, vehicle
fountain pens	3	office supply, school supply, tool
markers	3	electronic device, school supply, tool
cleavers	3	kitchen tool, tool, weapon
mittens	3	accessory, clothing, food
aprons	3	clothing, outerwear, protective clothing
pastries	3	breakfast, dessert, food
blowfish	3	animal, sea animal, seafood
maggots	3	animal, food, insect
boots	3	clothing, food, footwear
fruit punches	3	garden tool, tool, vehicle
guacamole	3	animal, food, vehicle
hotplates	3	electronic device, food, kitchen equipment
cabbages	3	food, plant, vegetable
scarves	3	accessory, clothing, outerwear
folders	3	food, office supply, school supply
muffins	3	breakfast, dessert, food
go-karts	3	animal, food, vehicle
gloves	3	footwear, outerwear, protective clothing
ice creams	3	animal, food, tool
ducks	3	animal, bird, livestock
strollers	3	animal, clothing, food
mosses	3	clothing, container, food
oysters	3	animal, sea animal, seafood
chocolates	3	candy, dessert, food
dressers	3	container, food, furniture
metal detectors	3	electronic device, food, tool
corn	3	food, plant, vegetable
gumdrops	3	animal, candy, food
ink	3	food, office supply, school supply
bees	3	clothing, food, insect
marmalade	3	breakfast, condiment, food
butterflies	3	animal, insect, mammal
watering cans	3	container, food, tool
goats	3	animal, food, livestock
spinach	3	food, plant, vegetable
poppies	3	clothing, food, plant
penguins	3	animal, food, tool
seaweeds	3	food, plant, sea animal
kale	3	food, plant, vegetable
trunks	3	container, home decor, vehicle
pitchforks	3	garden tool, tool, weapon
jellyfish	3	animal, mammal, sea animal
koalas	3	animal, mammal, sea animal
top hats	3	accessory, clothing, headwear
raspberries	3	food, fruit, tool
corsages	3	accessory, clothing, food
poinsettias	3	animal, food, plant
belts	3	accessory, clothing, food
brakes	3	animal, breakfast, food
broccoli	3	animal, plant, vegetable
police cars	3	animal, auto part, vehicle
cufflinks	3	clothing, fastener, jewelry
headscarves	3	clothing, food, headwear
gumballs	3	animal, candy, food
shortbread	3	animal, dessert, food
staples	3	fastener, food, office supply
coveralls	3	clothing, outerwear, protective clothing
noisemakers	3	food, tool, toy
nail clippers	3	animal, toiletry, tool
onions	3	animal, food, vegetable
scalpels	3	medical equipment, tool, weapon
pots	3	animal, container, tool
sardines	3	food, sea animal, seafood
wallpapers	3	animal, food, home decor
fish	3	animal, sea animal, seafood
cookers	3	container, electronic device, kitchen equipment
balloons	3	animal, food, toy
buttons	3	accessory, fastener, tool
christmas trees	3	food, home decor, tool
bunkbeds	3	food, furniture, mammal
files	3	food, office supply, tool
benches	3	animal, food, furniture
doghouses	3	animal, container, food
stoves	3	food, kitchen equipment, kitchen tool
kettles	3	container, food, kitchen tool
dolphins	3	animal, mammal, sea animal
lightning bugs	3	animal, food, insect
tiaras	3	clothing, jewelry, women's clothing
hoes	3	food, garden tool, tool
weasels	3	food, mammal, vehicle
coyotes	3	food, mammal, tool
penlights	3	animal, food, medical equipment
snowshoes	3	clothing, food, footwear
pins	3	fastener, food, tool
staple guns	3	animal, mammal, tool
drills	3	food, garden tool, tool
blazers	2	clothing, outerwear
camels	2	animal, mammal
gazelles	2	food, mammal
ants	2	animal, food
rollerblades	2	container, food
watermelons	2	food, fruit
mosquitoes	2	animal, insect
padlocks	2	fastener, tool
underwear	2	clothing, outerwear
mustard	2	condiment, food
mousse	2	dessert, food
ginger	2	condiment, food
jalapenoes	2	food, vegetable
hash browns	2	breakfast, food
popsicles	2	dessert, food
grapefruits	2	food, fruit
pesto	2	condiment, food
lambs	2	food, mammal
cuckoo clocks	2	food, home decor
mangoes	2	food, fruit
refrigerators	2	food, kitchen equipment
graters	2	kitchen tool, tool
lightbulbs	2	electronic device, tool
cockroaches	2	insect, mammal
snowsuits	2	clothing, outerwear
blackberries	2	food, tool
hourglasses	2	food, home decor
otters	2	animal, mammal
grits	2	breakfast, food
frogs	2	animal, sea animal
roses	2	food, plant
piglets	2	livestock, mammal
mongooses	2	animal, food
lip glosses	2	animal, toiletry
paperclips	2	fastener, office supply
cockatoos	2	animal, bird
submarines	2	vehicle, water vehicle
sailboats	2	vehicle, water vehicle
garlic	2	food, vegetable
crowns	2	clothing, headwear
kangaroos	2	food, mammal
chopsticks	2	food, tool
jackhammers	2	electronic device, tool
pecans	2	food, fruit
eagles	2	animal, food
lions	2	animal, mammal
legos	2	food, toy
swans	2	animal, bird
owls	2	animal, bird
clipboards	2	food, office supply
mice	2	animal, electronic device
shovels	2	garden tool, tool
carrots	2	food, vegetable
beanies	2	clothing, headwear
canes	2	food, medical equipment
ice-cream cones	2	dessert, food
clarinets	2	food, musical instrument
turtles	2	animal, sea animal
sickles	2	garden tool, tool
needles	2	animal, tool
curling irons	2	electronic device, tool
flour	2	animal, food
barrels	2	container, food
eggplants	2	food, vegetable
vials	2	container, medical equipment
canisters	2	container, food
gondolas	2	vehicle, water vehicle
saws	2	tool, weapon
robots	2	animal, toy
omelets	2	breakfast, food
cheeses	2	dessert, food
slingshots	2	toy, weapon
gravy	2	condiment, food
tugboats	2	vehicle, water vehicle
earwigs	2	insect, mammal
lecterns	2	food, furniture
pudding	2	candy, dessert
pugs	2	animal, mammal
chihuahuas	2	animal, mammal
hams	2	breakfast, food
bins	2	container, food
bottle openers	2	kitchen tool, tool
hedgehogs	2	animal, mammal
pomegranates	2	food, fruit
ships	2	vehicle, water vehicle
guinea pigs	2	animal, mammal
coats	2	clothing, outerwear
spacesuits	2	clothing, protective clothing
combination locks	2	fastener, food
peacocks	2	animal, bird
dashboards	2	auto part, tool
ketchup	2	condiment, food
workbenches	2	furniture, tool
pantyhoses	2	clothing, women's clothing
sombreros	2	accessory, clothing
juices	2	drink, fruit
grapevines	2	food, plant
toucans	2	animal, bird
rhinos	2	animal, mammal
food processors	2	food, kitchen equipment
cummerbunds	2	clothing, food
cars	2	animal, food
star fruits	2	food, fruit
wigs	2	food, headwear
screws	2	fastener, tool
cake mixes	2	dessert, food
projectors	2	electronic device, tool
wrap	2	animal, food
candy bars	2	candy, food
crepes	2	dessert, food
books	2	food, school supply
cardinals	2	animal, bird
sea urchins	2	sea animal, seafood
spoons	2	kitchen tool, tool
crackers	2	clothing, food
yo-yos	2	game, toy
tortellini	2	food, tool
harps	2	food, musical instrument
bread	2	breakfast, food
appetizers	2	dessert, food
barnacles	2	mammal, sea animal
applesauce	2	condiment, food
sodas	2	animal, drink
skewers	2	food, kitchen tool
cucumbers	2	food, vegetable
leeks	2	plant, vegetable
lemonades	2	animal, weapon
drums	2	animal, musical instrument
possums	2	animal, mammal
blowtorches	2	tool, weapon
hammers	2	tool, weapon
costumes	2	clothing, home decor
mulberries	2	food, fruit
jump ropes	2	food, game
cords	2	electronic device, tool
pigs	2	animal, food
boats	2	vehicle, water vehicle
ladles	2	food, kitchen tool
french fries	2	breakfast, food
bok choys	2	plant, vegetable
pears	2	clothing, fruit
generators	2	musical instrument, vehicle
oranges	2	food, fruit
lab coats	2	clothing, tool
water bottles	2	container, food
slugs	2	mammal, sea animal
coasters	2	clothing, home decor
arugula	2	food, vegetable
blowers	2	electronic device, tool
brownies	2	dessert, food
sundaes	2	dessert, food
sauces	2	condiment, food
chipmunks	2	animal, mammal
loincloths	2	clothing, headwear
bacon	2	breakfast, food
yachts	2	vehicle, water vehicle
grilles	2	auto part, food
orangutans	2	animal, mammal
shaving cream	2	food, toiletry
pheasants	2	animal, bird
football helmets	2	headwear, protective clothing
stockings	2	footwear, women's clothing
slippers	2	clothing, footwear
hairdryers	2	electronic device, toiletry
flan	2	dessert, food
socks	2	clothing, footwear
glasses	2	accessory, container
seahorses	2	animal, sea animal
clothespins	2	clothing, fastener
washcloths	2	clothing, toiletry
pillboxes	2	container, medical equipment
cobras	2	animal, food
chessboards	2	food, game
trumpets	2	food, musical instrument
pies	2	dessert, food
barrettes	2	fastener, jewelry
tigers	2	animal, mammal
terrariums	2	container, home decor
grasshoppers	2	insect, mammal
dragonflies	2	animal, insect
spark plugs	2	auto part, tool
dogs	2	food, mammal
beans	2	food, fruit
shrimps	2	food, mammal
ponies	2	animal, mammal
worms	2	animal, insect
bushes	2	food, plant
pelicans	2	animal, bird
hamsters	2	animal, mammal
pickaxes	2	tool, weapon
televisions	2	electronic device, food
togas	2	clothing, headwear
coops	2	animal, container
nail files	2	food, toiletry
donuts	2	breakfast, dessert
glue	2	office supply, school supply
cupcakes	2	dessert, food
toothbrushes	2	food, toiletry
light switches	2	electronic device, tool
meerkats	2	animal, mammal
boars	2	animal, livestock
grenades	2	animal, weapon
polar bears	2	animal, mammal
wedding cakes	2	dessert, food
berries	2	food, fruit
hovercrafts	2	vehicle, water vehicle
seagulls	2	animal, bird
platypuses	2	animal, mammal
hawks	2	clothing, toiletry
toolboxes	2	garden tool, tool
outfits	2	clothing, home decor
bowls	2	container, food
gourds	2	home decor, vegetable
coffeemakers	2	animal, kitchen equipment
hippos	2	mammal, sea animal
cotton candy	2	candy, food
aircraft carriers	2	vehicle, water vehicle
syringes	2	container, medical equipment
caviar	2	food, seafood
pinballs	2	electronic device, game
ivy	2	food, tool
machine guns	2	food, weapon
rolling pins	2	kitchen tool, tool
marshmallows	2	candy, food
leotards	2	animal, women's clothing
airplanes	2	animal, vehicle
tapes	2	fastener, office supply
deodorants	2	food, toiletry
veils	2	headwear, women's clothing
armor	2	clothing, protective clothing
stained glass	2	animal, home decor
birdhouses	2	bird, home decor
blenders	2	electronic device, kitchen equipment
notebooks	2	office supply, school supply
llamas	2	animal, mammal
hotdogs	2	animal, food
cheetahs	2	animal, mammal
microwaves	2	electronic device, kitchen equipment
basil	2	food, plant
beets	2	food, vegetable
tubas	2	food, musical instrument
bulldozers	2	food, vehicle
pegs	2	fastener, tool
vases	2	container, home decor
cereals	2	breakfast, food
cranberries	2	food, fruit
music boxes	2	electronic device, toy
salami	2	electronic device, tool
reindeers	2	animal, mammal
hairpins	2	fastener, jewelry
boas	2	clothing, women's clothing
inhalers	2	food, medical equipment
sandbags	2	container, food
rollerskates	2	food, footwear
watches	2	accessory, food
board games	2	food, game
flippers	2	footwear, tool
burners	2	food, kitchen equipment
parsley	2	food, vegetable
catapults	2	food, weapon
hoses	2	garden tool, tool
hairbrush	2	toiletry, tool
closets	2	container, furniture
brussels sprouts	2	food, vegetable
cilantro	2	food, vegetable
orchids	2	animal, plant
scooters	2	toy, vehicle
cloaks	2	clothing, outerwear
bow	2	home decor, jewelry
starfish	2	animal, sea animal
jetskis	2	vehicle, water vehicle
corkscrews	2	kitchen tool, tool
nightstands	2	container, furniture
candy canes	2	candy, food
raisins	2	food, fruit
peppers	2	food, plant
guns	2	food, weapon
sharks	2	sea animal, seafood
sewing machines	2	electronic device, tool
kimonos	2	clothing, women's clothing
sunflowers	2	food, plant
kayaks	2	vehicle, water vehicle
handles	2	food, tool
hats	2	accessory, clothing
coconuts	2	food, fruit
stingrays	2	animal, sea animal
soy sauce	2	condiment, food
donkeys	2	animal, mammal
fishbowls	2	animal, container
calamari	2	food, seafood
oatmeal	2	breakfast, food
sausages	2	breakfast, food
bowties	2	clothing, food
scrambled eggs	2	breakfast, food
butter	2	condiment, food
bedpans	2	container, medical equipment
mushrooms	2	animal, mammal
pandas	2	animal, mammal
airboats	2	vehicle, water vehicle
crystal balls	2	food, home decor
bugs	2	animal, insect
moose	2	mammal, tool
quads	2	animal, vehicle
velcros	2	clothing, fastener
erasers	2	office supply, school supply
daggers	2	tool, weapon
chainsaws	2	electronic device, garden tool
leopards	2	animal, mammal
doorknockers	2	home decor, tool
nutcrackers	2	kitchen tool, tool
crabs	2	animal, sea animal
fur coats	2	clothing, outerwear
octopus	2	animal, sea animal
calculators	2	electronic device, tool
bolo ties	2	accessory, clothing
cookies	2	dessert, food
lemons	2	food, fruit
peppermints	2	candy, food
aardvarks	2	animal, mammal
ferries	2	vehicle, water vehicle
eggs	2	breakfast, food
bell peppers	2	food, vegetable
nails	2	fastener, tool
camcorders	2	electronic device, food
suitcases	1	container
clippers	1	garden tool
hyenas	1	animal
flatirons	1	toiletry
soups	1	food
jerseys	1	clothing
perfumes	1	tool
tents	1	container
sandwiches	1	food
eclairs	1	food
crutches	1	medical equipment
garbage trucks	1	vehicle
raccoons	1	mammal
knives	1	kitchen tool
pizzas	1	food
rocking horses	1	toy
hinges	1	tool
jukeboxes	1	electronic device
groundhogs	1	animal
wrenches	1	tool
toilet paper	1	toiletry
helicopters	1	vehicle
snowplows	1	vehicle
flosses	1	toiletry
dirt bikes	1	vehicle
lanyards	1	accessory
carts	1	vehicle
shears	1	garden tool
beetles	1	insect
steamrollers	1	vehicle
jigsaw puzzles	1	game
knots	1	fastener
hatchets	1	garden tool
iguanas	1	animal
doorhandles	1	tool
shakers	1	container
egg yolks	1	food
combs	1	toiletry
enchiladas	1	food
pancakes	1	food
foxes	1	mammal
thumbtacks	1	tool
wineglasses	1	container
electric chairs	1	electronic device
bagels	1	food
molds	1	container
hairsprays	1	toiletry
piggy banks	1	container
sauerkraut	1	food
pretzels	1	food
unicycles	1	vehicle
polishers	1	tool
wires	1	tool
bamboos	1	food
beachballs	1	toy
rulers	1	school supply
coffins	1	food
wafers	1	food
lip balms	1	toiletry
cashews	1	food
pockets	1	container
vans	1	vehicle
thermometers	1	tool
smoothies	1	drink
microphones	1	electronic device
toaster ovens	1	electronic device
pliers	1	tool
turtlenecks	1	clothing
quiches	1	food
cd players	1	electronic device
birdcages	1	container
limes	1	fruit
laptops	1	electronic device
chalkboards	1	school supply
chisels	1	tool
soldering irons	1	tool
bagpipes	1	musical instrument
nachos	1	food
turntables	1	electronic device
sloths	1	mammal
trains	1	vehicle
tomato sauce	1	food
webcams	1	electronic device
ravioli	1	food
tiramisu	1	dessert
croutons	1	food
hoodies	1	clothing
wreaths	1	home decor
flip-flops	1	footwear
souffles	1	dessert
treadmills	1	electronic device
buckets	1	container
forks	1	tool
meatballs	1	food
calzones	1	food
rhubarbs	1	food
axes	1	weapon
car doors	1	auto part
screwdrivers	1	tool
bazookas	1	weapon
chests	1	container
cruise ships	1	water vehicle
bulletproof vests	1	clothing
saltshakers	1	container
insoles	1	accessory
ready meals	1	food
shower caps	1	toiletry
dumplings	1	food
weeds	1	food
cardigans	1	clothing
suspenders	1	clothing
lamb chops	1	food
can openers	1	tool
screens	1	electronic device
plums	1	fruit
plaster casts	1	medical equipment
patches	1	clothing
recorders	1	musical instrument
recliners	1	furniture
puffins	1	animal
scones	1	food
walnuts	1	food
macadamia nuts	1	food
airbags	1	auto part
stuffing	1	food
torpedoes	1	water vehicle
cornmeal	1	food
vegetables	1	food
pine trees	1	plant
steering wheels	1	auto part
vests	1	outerwear
ferns	1	mammal
sarcophagi	1	container
tumbleweeds	1	plant
wolves	1	animal
pogo sticks	1	toy
jumpsuits	1	outerwear
scrapers	1	tool
tortillas	1	food
almonds	1	fruit
rims	1	auto part
oilcans	1	container
posters	1	home decor
champagne	1	drink
ukuleles	1	musical instrument
wagons	1	vehicle
frames	1	home decor
fishnet stockings	1	clothing
mugs	1	container
sorbets	1	dessert
leggings	1	women's clothing
soaps	1	toiletry
sunroofs	1	auto part
pocketknives	1	weapon
puppets	1	toy
bonsai	1	plant
tulips	1	plant
easter eggs	1	food
windshield wipers	1	auto part
rolls	1	food
place mats	1	home decor
pajamas	1	clothing
safety pins	1	fastener
gophers	1	animal
whoopee cushions	1	toy
nail polish	1	toiletry
whiteboards	1	school supply
dandelions	1	plant
record players	1	electronic device
taillights	1	auto part
first-aid kits	1	medical equipment
tape recorders	1	food
water heaters	1	food
sandpapers	1	tool
trucks	1	vehicle
smoke alarms	1	electronic device
blueberries	1	food
flutes	1	musical instrument
marijuana	1	plant
clasps	1	tool
wheelchairs	1	medical equipment
wallets	1	container
jeans	1	clothing
seatbelts	1	auto part
pedals	1	auto part
candlesticks	1	home decor
cellphones	1	electronic device
subways	1	vehicle
slings	1	medical equipment
cabinets	1	container
candles	1	home decor
uniforms	1	clothing
deers	1	mammal
letter openers	1	tool
saffron	1	food
trashcans	1	container
pianos	1	musical instrument
spiders	1	animal
licorice	1	candy
jars	1	food
biscuits	1	food
pillows	1	home decor
chimes	1	musical instrument
dusters	1	tool
potpies	1	food
playing cards	1	game
snacks	1	food
cloves	1	fruit
balls	1	toy
cellos	1	musical instrument
curry	1	food
jeeps	1	vehicle
coleslaws	1	food
arrows	1	weapon
pantsuits	1	clothing
porcupines	1	animal
chicken	1	food
stir fry	1	food
magnifiers	1	tool
helmets	1	protective clothing
revolvers	1	food
hedges	1	plant
overalls	1	outerwear
lollipops	1	candy
cages	1	container
gears	1	tool
radios	1	electronic device
chandeliers	1	home decor
carriages	1	vehicle
gyroscopes	1	toy
peaches	1	food
modems	1	electronic device
cameras	1	electronic device
canoes	1	water vehicle
slot machines	1	electronic device
handkerchiefs	1	accessory
crates	1	container
chicks	1	animal
yogurts	1	food
dip	1	food
goldfish	1	mammal
antelopes	1	mammal
parfaits	1	food
beer	1	drink
wheat	1	food
firetrucks	1	vehicle
tadpoles	1	animal
roof racks	1	auto part
tick-tack-toe	1	game
snakes	1	mammal
tables	1	furniture
videogames	1	electronic device
melons	1	food
rubber bands	1	fastener
ropes	1	tool
sleds	1	vehicle
pepper mills	1	kitchen tool
hatboxes	1	container
paintbrushes	1	tool
hot chocolate	1	drink
polygraphs	1	electronic device
trees	1	plant
remote controls	1	electronic device
bells	1	musical instrument
poodles	1	animal
cymbals	1	musical instrument
dominoes	1	game
ladybugs	1	animal
rafts	1	vehicle
anklets	1	jewelry
taxis	1	vehicle
iceskates	1	footwear
dumpsters	1	container
bassinets	1	furniture
salads	1	food
shopping baskets	1	container
corsets	1	clothing
candelabras	1	home decor
daisies	1	plant
skirts	1	women's clothing
water filters	1	food
highchairs	1	food
skateboards	1	vehicle
fast foods	1	food
air mattresses	1	furniture
hamburgers	1	breakfast
minivans	1	vehicle
odometers	1	auto part
tapestries	1	home decor
shopping carts	1	container
figs	1	fruit
bras	1	women's clothing
curtains	1	home decor
batons	1	weapon
switches	1	tool
headdresses	1	clothing
seaplanes	1	vehicle
pokers	1	tool
crowbars	1	weapon
badgers	1	animal
boxer shorts	1	clothing
bowler hats	1	clothing
crossbows	1	weapon
alligators	1	animal
step stools	1	furniture
stethoscopes	1	medical equipment
scanners	1	electronic device
flyswatters	1	food
tanks	1	container
lamps	1	home decor
cannonballs	1	weapon
makeup	1	toiletry
mailboxes	1	container
ottoman	1	furniture
hummingbirds	1	bird
bathrobes	1	clothing
mint	1	plant
chilies	1	food
rats	1	mammal
valves	1	tool
pistachios	1	food
kiwis	1	fruit
teacups	1	container
bears	1	mammal
dreidels	1	toy
gearshifts	1	auto part
cauliflowers	1	vegetable
pinecones	1	home decor
lizards	1	animal
cans	1	container
dices	1	game
panties	1	clothing
doorknobs	1	tool
paper	1	office supply
ducts	1	tool
banks	1	container
doilies	1	home decor
marbles	1	toy
headbands	1	clothing
briefcases	1	food
espresso	1	drink
trombones	1	musical instrument
teapots	1	container
flamethrowers	1	weapon
meat	1	seafood
snowmobiles	1	vehicle
wine coolers	1	container
swimsuits	1	clothing
gavels	1	tool
speedometers	1	auto part
kilts	1	clothing
cherries	1	food
tablets	1	electronic device
earrings	1	jewelry
apple trees	1	plant
stew	1	food
mallets	1	tool
rickshaws	1	vehicle
gums	1	food
freezers	1	food
sifters	1	kitchen tool
rugs	1	home decor
sushi	1	food
turbans	1	clothing
ties	1	accessory
shirts	1	clothing
binders	1	school supply
cups	1	container
scrabble	1	game
backgammon	1	game
cash machines	1	electronic device
sweet potatoes	1	food
exhaust pipes	1	auto part
croissants	1	breakfast
lipsticks	1	toiletry
steaks	1	food
grains	1	food
gongs	1	musical instrument
bandages	1	medical equipment
frisbees	1	toy
boomerangs	1	weapon
computers	1	game
buggies	1	vehicle
headlights	1	auto part
anteaters	1	mammal
brackets	1	tool
ice packs	1	medical equipment
forklifts	1	vehicle
space shuttles	1	vehicle
whips	1	weapon
dalmatians	1	mammal
stamps	1	tool
icemakers	1	kitchen equipment
limousines	1	food
pencil sharpeners	1	school supply
school buses	1	vehicle
motorcycles	1	vehicle
toothpicks	1	toiletry
hubcaps	1	auto part
printers	1	electronic device
avocados	1	fruit
coat racks	1	furniture
roadsweepers	1	food
brooches	1	accessory
olives	1	food
eyedroppers	1	medical equipment
lavenders	1	plant
desserts	1	food
parrots	1	bird
cactus	1	plant
keys	1	tool
dresses	1	women's clothing
strainers	1	kitchen tool
filing cabinets	1	furniture
tarantulas	1	animal
cakes	1	dessert
grass	1	plant
baseball bats	1	weapon
hammocks	1	furniture
station wagons	1	vehicle
backpacks	1	container
chargers	1	tool
thermoses	1	container
ferrets	1	animal
pigeons	1	animal
violins	1	musical instrument
bags	1	container
milkshakes	1	dessert
gingerbread men	1	food
campers	1	vehicle
scarecrows	1	home decor
radishes	1	food
straightjackets	1	clothing
hot-water bottles	1	container
tricycles	1	vehicle
walkers	1	medical equipment
swimming pools	1	container
scorpions	1	animal
gaskets	1	auto part
bongos	1	food
globes	1	home decor
coffee pots	1	container
vacuum cleaners	1	electronic device
rams	1	animal
joysticks	1	electronic device
tractors	1	vehicle
ashtrays	1	food
dryers	1	electronic device
sandals	1	clothing
toads	1	animal
life jackets	1	protective clothing
papayas	1	fruit
matches	1	tool
cornucopias	1	home decor
spring rolls	1	food
beds	1	furniture
speedboats	1	water vehicle
hummus	1	food
hairnets	1	headwear
suits	1	clothing
wine bottles	1	container
tamales	1	food
hopscotches	1	game
pants	1	clothing
shawls	1	outerwear
golf carts	1	vehicle
magnifying glasses	1	tool
quills	1	tool
piecrusts	1	food
wind chimes	1	home decor
albums	1	home decor
zippers	1	fastener
shuffleboards	1	game
moccasins	1	clothing
french horns	1	musical instrument
car seats	1	auto part
shredders	1	food
sofa beds	1	furniture
lattes	1	drink
petri dishes	1	food
bikes	1	vehicle
trolleys	1	vehicle
desks	1	furniture
kazoos	1	musical instrument
humvees	1	vehicle
meatloaf	1	food
missiles	1	weapon
vise	1	tool
peanuts	1	animal
dolls	1	toy
rings	1	jewelry
potpourris	1	home decor
rocking chairs	1	food
air pumps	1	tool
panthers	1	animal
ticks	1	animal
irons	1	electronic device
lampshades	1	home decor
baklavas	1	dessert
breadboxes	1	container
caramels	1	food
defibrillators	1	medical equipment
pipes	1	tool
computer screens	1	electronic device
asparagus	1	food
bracelets	1	accessory
bookshelves	1	furniture
sweaters	1	clothing
potatoes	1	food
rice	1	food
blowguns	1	weapon
notepads	1	school supply
shelves	1	furniture
breakfasts	1	food
gauzes	1	medical equipment
cranks	1	tool
duffel bags	1	container
goblets	1	container
rockets	1	vehicle
giraffes	1	mammal
fans	1	electronic device
thrones	1	furniture
grapes	1	fruit
stereos	1	electronic device
patties	1	food
anvils	1	tool
necklaces	1	jewelry
